1,"Badfinger"
2,"Angeles Del Infierno"
3,"Blue Oyster Cult"
4,"Sparks"
5,"Alan Parsons"
6,"Pineapple Thief"
7,"Peter Gabriel"
8,"Cliff Jordan"
9,"Stevie Nicks"
10,"Lighthouse Family"
11,"Jhené Aiko"
12,"The Saints"
13,"Hypocrisy"
14,"Terry Riley"
15,"Cecil Taylor"
16,"Mercury Rev"
17,"Bullet for My Valentine"
18,"Echo"
19,"the Bunnymen"
20,"Golden Earring"
21,"The Beatles"
22,"Yesness"
23,"New Order"
24,"UFO"
25,"John Cale"
26,"Linkin Park"
27,"Tina Turner"
28,"Charli XCX"
29,"The Corrs"
30,"The Residents"
31,"Robyn Hitchcock"
32,"Bobby Hutcherson"
33,"The Cure"
34,"Green Day"
35,"Soccer Mommy"
36,"Charles Mingus"
37,"Daddy Yankee"
38,"Ginger Root"
39,"Chesterfield Kings"
40,"Passepartout Duo"
41,"Inoyama Land"
42,"Donald Byrd"
43,"Marc Almond"
44,"Oliver Anthony Music"
45,"Chappell Roan"
46,"Albert King"
47,"Seefeel"
48,"Altered Images"
49,"Jon Hopkins"
50,"Lou Reed"
51,"a-ha"
52,"Duran Duran"
53,"Underoath"
54,"Ocean Colour Scene"
55,"Sign Crushes Motorist"
56,"JPEGMAFIA"
57,"Jpegmafia"
58,"Shellac"
59,"Prince Royce"
60,"Crosby, Stills"
61,"Nash"
62,"The Raconteurs"
63,"Kate Bush"
64,"Trophy Eyes"
65,"Bad Company"
66,"All Time Low"
67,"Phineas Newborn"
68,"The Rolling Stones"
69,"ROSALÍA"
70,"Rauw Alejandro"
71,"Phil Manzanera"
72,"Tim Finn"
73,"Jockstrap"
74,"King Crimson"
75,"Doro"
76,"Myrkur"
77,"Beths"
78,"The Sundays"
79,"Bruno Mars"
80,"Pizza Hotline"
81,"James"
82,"Bjork"
83,"Sarah Borges"
84,"The Animals"
85,"Thrice"
86,"Olivia Newton-John"
87,"The Offspring"
88,"Camila Cabello"
89,"Be Bop Deluxe"
90,"Slipknot"
91,"Ghost"
92,"Spirit of the Beehive"
93,"Saga"
94,"Pantera"
95,"Stone Temple Pilots"
96,"Neil Young"
97,"Crazy Horse"
98,"Oasis"
99,"Sneaker Pimps"
100,"Chicago"
101,"Phoebe Bridgers"
102,"Norah Jones"
103,"Denzel Curry"
104,"Tame Impala"
105,"Elvis Presley"
106,"Camel"
107,"Yeule"
108,"Tyler, The Creator"
109,"Santana"
110,"Chic"
111,"The Sisters of Mercy"
112,"The Moody Blues"
113,"Deafheaven"
114,"Gorillaz"
115,"Big Black"
116,"Beyoncé"
117,"Mazzy Star"
118,"Jimi Hendrix"
119,"Pet Shop Boys"
120,"David Bowie"
121,"Trevor Jones"
122,"Harry Styles"
123,"Rihanna"
124,"Bette Midler"
125,"Soundgarden"
126,"Jerry Lee Lewis"
127,"Hole"
128,"Michael Jackson"
129,"Thor"
130,"Lyn Collins"
131,"One Direction"
132,"Cage the Elephant"
133,"Thursday"
134,"Incubus"
135,"Red Hot Chili Peppers"
136,"Bill Evans"
137,"Lucinda Williams"
138,"Various Artists"
139,"Pavement"
140,"Jane's Addiction"
141,"Van Morrison"
142,"ZZ Top"
143,"Songs: Ohia"
144,"William Basinski"
145,"A Tribe Called Quest"
146,"Kenny Dorham"
147,"John Lennon"
148,"Kim Wilde"
149,"Black Sabbath"
150,"Nancy Sinatra"
151,"Wintersun"
152,"MC5"
153,"Aphex Twin"
154,"Jethro Tull"
155,"Jackson Browne"
156,"Victor Manuelle"
157,"Action Bronson"
158,"Judas Priest"
159,"T. Rex"
160,"Prince"
161,"Deep Purple"
162,"Robert Wyatt"
163,"Justin Townes Earle"
164,"Megadeth"
165,"Tom Waits"
166,"Hank Mobley"
167,"Goblin"
168,"Black Star"
169,"Robert Gordon"
170,"Triana"
171,"Jefferson Starship"
172,"Twiztid"
173,"Hans Zimmer"
174,"Dwight Yoakam"
175,"Melvins"
176,"Eilen Jewell"
177,"Cass McCombs"
178,"Tim Bernardes"
179,"Pierre Henry"
180,"Illiterate Light"
181,"George Michael"
182,"Tears for Fears"
183,"Jesse Malin"
184,"Bardo Pond"
185,"Sonny Rollins"
186,"Chuck Ragan"
187,"The Flock"
188,"Longpigs"
189,"The Voidz"
190,"The Frost"
191,"The Temptations"
192,"The Jackson 5"
193,"Karate"
194,"Lalo Schifrin"
195,"Pipe-Eye"
196,"Hermanos Gutierrez"
197,"Hawksmoor"
198,"Mana"
199,"Angelo Badalamenti"
200,"Queens of the Stone Age"
201,"Joe Satriani"
202,"Searows"
203,"The Paper Kites"
204,"The Weeknd"
205,"Refused"
206,"Paramore"
207,"Goose"
208,"Radiohead"
209,"Miles Davis"
210,"Suki Waterhouse"
211,"Jackboys"
212,"Fall Out Boy"
213,"Sir Simon Rattle"
214,"Fiona Apple"
215,"Dire Straits"
216,"Fleetwood Mac"
217,"Ladytron"
218,"Lana Del Rey"
219,"TLC"
220,"Korn"
221,"Paris Hilton"
222,"Neck Deep"
223,"The HU"
224,"Superchunk"
225,"Caribou"
226,"Rush"
227,"Colter Wall"
228,"Japanese Breakfast"
229,"Xxxtentacion"
230,"Smashing Pumpkins"
231,"Jaco Pastorius"
232,"The Shins"
233,"Mxmtoon"
234,"Erykah Badu"
235,"Kataklysm"
236,"Modest Mouse"
237,"Nothing More"
238,"Chris Brown"
239,"Peter Tosh"
240,"Tool"
241,"Sturgill Simpson"
242,"Alphaville"
243,"Whitney Houston"
244,"Dua Lipa"
245,"Burl Ives"
246,"Magnetic Fields"
247,"Whitesnake"
248,"Blind Guardian"
249,"George Harrison"
250,"The Ramones"
251,"Pink Floyd"
252,"Rage Against the Machine"
253,"Sleeping with Sirens"
254,"DMX"
255,"oso oso"
256,"Texas Hippie Coalition"
257,"U2"
258,"Three Days Grace"
259,"Durand Jones"
260,"The Indications"
261,"Oscar Peterson"
262,"Cinderella"
263,"Larry June"
264,"Frank Sinatra"
265,"Travis Scott"
266,"Cap'n Jazz"
267,"Body Count"
268,"Lykke Li"
269,"Type O Negative"
270,"Alanis Morissette"
271,"Girlschool"
272,"Sade"
273,"System of a Down"
274,"To the Grave"
275,"My Chemical Romance"
276,"Nine Inch Nails"
277,"Kyuss"
278,"Gnarls Barkley"
279,"The Black Keys"
280,"Kneecap"
281,"Bryson Tiller"
282,"Keith Urban"
283,"Cake"
284,"Tim McGraw"
285,"Nirvana"
286,"Surf Punks"
287,"Oranssi Pazuzu"
288,"Muse"
289,"The Pentangle"
290,"Dirty Heads"
291,"Alabama Shakes"
292,"Daft Punk"
293,"Joe Henry"
294,"Southside Johnny and the Asbury Jukes"
295,"Eminem"
296,"Sunny Day Real Estate"
297,"Bob's Burgers"
298,"Blake Babies"
299,"Lorde"
300,"OutKast"
301,"Trans-Siberian Orchestra"
302,"The Smiths"
303,"Glass Animals"
304,"Peach Pit"
305,"Duster"
306,"El Michels Affair"
307,"V (BTS)"
308,"John Mayer"
309,"The Turbo A.C.'s"
310,"Juice Wrld"
311,"Olamide"
312,"Blue Mitchell"
313,"Dominique Fils-Aime"
314,"The Cranberries"
315,"LCD Soundsystem"
316,"Pixies"
317,"Sloppy Seconds"
318,"Earl Sweatshirt"
319,"Dimmu Borgir"
320,"Yo Gabba Gabba"
321,"Circa Survive"
322,"Clipse"
323,"Klaus Schulze"
324,"George Tipton"
325,"H.E.R."
326,"Megan Moroney"
327,"Sam Cooke"
328,"Skinny Puppy"
329,"Charity Gayle"
330,"The Beach Boys"
331,"The Doors"
332,"Skillet"
333,"Wallows"
334,"The Hated"
335,"Eric Clapton"
336,"Black Smoke Trigger"
337,"Orbital"
338,"Elo ( Electric Light Orchestra )"
339,"Cher"
340,"Mac Miller"
341,"Choking Victim"
342,"Sharon Van Etten"
343,"Led Zeppelin"
344,"The War on Drugs"
345,"Kreator"
346,"Campesinos"
347,"Aurora"
348,"Maroon 5"
349,"Lorne Balfe"
350,"Damu the Fudgemunk"
351,"Jason Mraz"
352,"Marcus King Band"
353,"Bad Religion"
354,"Hootie"
355,"the Blowfish"
356,"Kali Uchis"
357,"Dominic Fike"
358,"Bon Jovi"
359,"Band of Horses"
360,"Tiffany Poon"
361,"Escape the Fate"
362,"Knocked Loose"
363,"Mudhoney"
364,"Bring Me the Horizon"
365,"Descendents"
366,"Bad Skin"
367,"Runjuliet"
368,"Odelet"
369,"Tystnaden"
370,"Robin Carolan"
371,"Dirty Dollhouse"
372,"Die So Fluid"
373,"Marisa"
374,"the Moths"
375,"The Eagles"
376,"Novo Amor"
377,"The Oh Hellos"
378,"John Prine"
379,"Slayer"
380,"Coolio"
381,"The Elders"
382,"Angus"
383,"Julia Stone"
384,"Culture Club"
385,"The Wheel"
386,"Naughty By Nature"
387,"J Dilla"
388,"Motley Crue"
389,"Hot Mulligan"
390,"J. Cole"
391,"Paul Simon"
392,"Jean-Michel Jarre"
393,"The the."
394,"Alvvays"
395,"Ozzy Osbourne"
396,"Modern Baseball"
397,"Ian Hunter"
398,"SYML"
399,"The Lumineers"
400,"Duke Pearson"
401,"Gregory Alan Isakov"
402,"Todd Rundgren"
403,"Various"
404,"Stick to Your Guns"
405,"Chris Stapleton"
406,"Cracker"
407,"Pinegrove"
408,"Faye Webster"
409,"Adele"
410,"Laura Marling"
411,"Kendrick Lamar"
412,"Corrosion of Conformity"
413,"Mac DeMarco"
414,"Johnny Cash"
415,"Boston"
416,"Air"
417,"Fleshgod Apocalypse"
418,"Alice in Chains"
419,"Behemoth"
420,"Cigar"
421,"Carole King"
422,"Dolly Parton"
423,"William Hooker"
424,"Nick Drake"
425,"De La Soul"
426,"Gracie Abrams"
427,"Agust D (Suga of Bts)"
428,"Defiance"
429,"Janis Joplin"
430,"A Perfect Circle"
431,"Godspeed You! Black Emperor"
432,"Van Halen"
433,"Turnstile"
434,"Regina Spektor"
435,"Burton Cummings"
436,"Marvin Gaye"
437,"Black Pumas"
438,"Justice"
439,"Beabadoobee"
440,"Stevie Ray Vaughan"
441,"Eddie 9V"
442,"Mickey Thomas"
443,"Carducci Bros"
444,"Nickelback"
445,"The Fluid"
446,"Lin-Manuel Miranda"
447,"Eisa Davis"
448,"Ingrid Michaelson"
449,"Laufey"
450,"MF Doom"
451,"King Diamond"
452,"King Gizzard and the Lizard Wizard"
453,"Bob Marley"
454,"Cryptopsy"
455,"Jazz Sabbath"
456,"Velvert Turner Group"
457,"Nightwish"
458,"Lovelytheband"
459,"Beach House"
460,"Common"
461,"Pete Rock"
462,"Elton John"
463,"Stevie Wonder"
464,"The Specials"
465,"D. Savage"
466,"Lindsey Stirling"
467,"Vince Guaraldi"
468,"The Clash"
469,"Fleet Foxes"
470,"She"
471,"Him"
472,"Thy Art Is Murder"
473,"Steve Lacy"
474,"Billy Joel"
475,"Ratt"
476,"Sinead O'Connor"
477,"Clairo"
478,"UGK"
479,"Violent Femmes"
480,"Viktor Vaughn"
481,"Morgan Wallen"
482,"Ben Webster"
483,"Ikon"
484,"Sexbeat"
485,"The Mars Volta"
486,"Melanie"
487,"Jan Akkerman"
488,"Magazine"
489,"Mom Jeans."
490,"Leather Strip"
491,"Tower of Power"
492,"David Gilmour"
493,"Bob Dylan"
494,"Wilco"
495,"Joji"
496,"Taylor Swift"
497,"Death Grips"
498,"Built to Spill"
499,"Judy Collins"
500,"Keshi"
501,"Real Friends"
502,"Black Stone Cherry"
503,"Mr. Big"
504,"Warhaus"
505,"Lee Scratch Perry"
506,"Black Flag"
507,"Soap&Skin"
508,"Marisa and the Moths"
509,"Rockabye Baby"
510,"Reba McEntire"
511,"Flo Rida"
512,"Rex Orange County"
513,"Title Fight"
514,"10,000 Maniacs"
515,"Massive Attack"
516,"Tony Williams Lifetime"
517,"Mercyful Fatemercyful Fate"
518,"Guns N Roses"
519,"Brandy"
520,"Avenged Sevenfold"
521,"The Marias"
522,"Arctic Monkeys"
523,"Luke Combs"
524,"João Gilberto"
525,"The Garden"
526,"Fang Island"
527,"Ocean Grove"
528,"John Craigie"
529,"Sammy Kershaw"
530,"Babyface Ray"
531,"Ariana Grande"
532,"The Sex Pistols"
533,"Otis Redding"
534,"Shiro Sagisu"
535,"Portishead"
536,"Samantha Fish"
537,"Kylie Minogue"
538,"Neutral Milk Hotel"
539,"Kids See Ghosts"
540,"Noah Kahan"
541,"Great White"
542,"Bluey"
543,"Velocity Girl"
544,"Christopher Young"
545,"Lil Peep"
546,"Mitski"
547,"Serj Tankian"
548,"The Mountain Goats"
549,"Last Dinosaurs"
550,"USHER"
551,"A$AP Rocky"
552,"Aaliyah"
553,"Beth Hart"
554,"Beastie Boys"
555,"Willie Nelson"
556,"Mt. Joy"
557,"The Hellacopters"
558,"Megan Thee Stallion"
559,"Temple of the Dog"
560,"BadBadNotGood"
561,"Jack White"
562,"Coldplay"
563,"Destroy Lonely"
564,"Little Richard"
565,"Olivia Rodrigo"
566,"Dead Man's Bones"
567,"Sister Hazel"
568,"Lady Gaga"
569,"Bad Brains"
570,"NOFX"
571,"Angel Olsen Presents"
572,"Twenty One Pilots"
573,"Solange"
574,"James Brandon Lewis"
575,"Bon Iver"
576,"Machine Head"
577,"Aerosmith"
578,"Gwen Stefani"
579,"Major Lazer"
580,"Sublime"
581,"Jimmy Smith"
582,"The Flaming Lips"
583,"Leon Bridges"
584,"Special Aka"
585,"Playboi Carti"
586,"Thousand Foot Krutch"
587,"Kool"
588,"the Gang"
589,"Michael Smith W"
590,"Dr Dre"
591,"No Doubt"
592,"Khruangbin"
593,"Wilder Woods"
594,"Itzhak Perlman"
595,"Dave Matthews Band"
596,"The Strokes"
597,"American Football"
598,"Jaehyun"
599,"Deftones"
600,"Kanye West"
601,"The Killers"
602,"Melanie Martinez"
603,"Ace of Base"
604,"Turnover"
605,"John Frusciante"
606,"ABBA"
607,"Jello Biafra"
608,"Brand New"
609,"MGMT"
610,"Sufjan Stevens"
611,"Greg Mendez"
612,"Hank Williams III"
613,"Lupe Fiasco"
614,"Slowdive"
615,"Souls of Mischief"
616,"Katie Gavin"
617,"Sir"
618,"Lucky Dube"
619,"Townes Van Zandt"
620,"Freddie Roach"
621,"La Femme"
622,"The Fugees"
623,"$Uicideboy$"
624,"Meat Loaf"
625,"Nick Cave"
626,"the Bad Seeds"
627,"Hozier"
628,"Neckbreakker"
629,"Slum Village"
630,"Carrie Underwood"
631,"Herb Alpert"
632,"Sam Palladio"
633,"The Supersuckers"
634,"Arcade Fire"
635,"Doja Cat"
636,"Limp Bizkit"
637,"HiM"
638,"Nat King Cole"
639,"Paul Cauthen"
640,"The Twilight Sad"
641,"Tyler Childers"
642,"Queen"
643,"Hifiklub"
644,"Orville Peck"
645,"Florence + the Machine"
646,"Tom Petty"
647,"Rainbow Kitten Surprise"
648,"Show Me the Body"
649,"Guns N' Roses"
650,"George Strait"
651,"Bright Eyes"
652,"Steeleye Span"
653,"Atreyu"
654,"Kelis"
655,"Tonic"
656,"Inner Wave"
657,"Dead Kennedys"
658,"The Wailers"
659,"Johnny Blue Skies"
660,"N.W.A"
661,"The Grateful Dead"
662,"Cory Marks"
663,"Weyes Blood"
664,"Hammerfall"
665,"Madonna"
666,"Battle Beast"
667,"Ane Brun"
668,"Viagra Boys"
669,"Don Toliver"
670,"Moondog"
671,"Lucki"
672,"Holdovers - O.S.T."
673,"GZA"
674,"Donna Summer"
675,"Drab Majesty"
676,"The Cars"
677,"Joyce Manor"
678,"Soft Machine"
679,"Women"
680,"Fugazi"
681,"Ty Segall"
682,"Dirty Three"
683,"Wipers"
684,"AC/DC"
685,"R.L. Burnside"
686,"Dillinger Four"
687,"Rapeman"
688,"Jung Kook (Bts)"
689,"Marilyn Manson"
690,"Shakey Graves"
691,"Run the Jewels"
692,"Father John Misty"
693,"Electric Wizard"
694,"Ty Dolla Sign"
695,"Luke Bryan"
696,"Zach Bryan"
697,"Post Malone"
698,"Destroy Boys"
699,"Tesla"
700,"Fireboy DML"
701,"Luther Vandross"
702,"Iron Maiden"
703,"Shaboozey"
704,"Anderson Paak"
705,"The Postal Service"
706,"Sleep Token"
707,"Eric Carr"
708,"Testament"
709,"Sabrina Carpenter"
710,"Pouya"
711,"Yabby You"
712,"House of Pain"
713,"Keiko Matsui"
714,"Soilwork"
715,"Fit for an Autopsy"
716,"The Talking Heads"
717,"Charley Crockett"
718,"Snoop Doggy Dogg"
719,"Niall Horan"
720,"Amy Winehouse"
721,"Ringo Starr"
722,"Soweto Gospel Choir"
723,"Jeff Buckley"
724,"Beres Hammond"
725,"311"
726,"Heather Nova"
727,"Lauryn Hill"
728,"Grand Magus"
729,"Godsmack"
730,"Pearl Jam"
731,"Delvon Lamarr Organ Trio"
732,"City of Prague Philharmonic Orchestra"
733,"Lonnie Smith"
734,"bôa"
735,"Tiny Moving Parts"
736,"SZA"
737,"Mariah Carey"
738,"Joy Division"
739,"India.Arie"
740,"Exodus"
741,"Songhoy Blues"
742,"Jay-Z"
743,"Halsey"
744,"Train"
745,"Cavalera"
746,"Chase Rice"
747,"XG"
748,"Sebastien Knauer"
749,"Alcest"
750,"Vader"
751,"Playing for Change"
752,"Billie Eilish"
753,"Art Pepper"
754,"Matchbox Twenty"
755,"Nas"
756,"Whiskey Myers"
757,"Slaughter Beach Dog"
758,"My Bloody Valentine"
759,"Rain Parade"
760,"Wu-Tang Clan"
761,"White Denim"
762,"Creedence Clearwater Revival"
763,"Lynyrd Skynyrd"
764,"Michael Bublé"
765,"Shawn Mendes"
766,"Matt Berry"
767,"The Halo Effect"
768,"Seatbelts"
769,"Moonchild Sanelly"
770,"Goo Goo Dolls"
771,"World of Pain"
772,"Cal Tjader"
773,"Pulp"
774,"Happy Mondays"
775,"Jeff Parker"
776,"T.I."
777,"Snoop Dogg"
778,"Despised Icon"
779,"Big Thief"
780,"Atmosphere"
781,"Jonas Brothers"
782,"Buffalo Springfield"
783,"KAYTRANADA"
784,"Zhané"
785,"Tedeschi Trucks Band"
786,"Backstreet Boys"
787,"Japandroids"
788,"Dinosaur Jr"
789,"Chilly Gonzales"
790,"Saintseneca"
791,"Trevor Powers"
792,"The Sylvers"
793,"Bad Wolves"
794,"Etran De L'Air"
795,"Against All Logic"
796,"Sun Ra"
797,"Hot Snakes"
798,"The Shame"
799,"Evanescence"
800,"Daniele Luppi"
801,"Darius Rucker"
802,"JD McPherson"
803,"Diana Krall"
804,"The Wild Reeds"
805,"Minus the Bear"
806,"Kishi Bashi"
807,"Cassius"
808,"Abbysinians"
809,"Andrew Bird"
810,"Horace Andy"
811,"Frank Zappa"
812,"I Prevail"
813,"Seaweed"
814,"Ann Peebles"
815,"Pops Staples"
816,"The Decemberists"
817,"Trent Reznor"
818,"The Jayhawks"
819,"Lou Donaldson"
820,"Jenny Lewis"
821,"June Carter Cash"
822,"Verbal Abuse"
823,"Ana Tijoux"
824,"The Meters"
825,"The Cramps"
826,"Jerry Garcia"
827,"Blur"
828,"Art Tatum"
829,"Rebelution"
830,"Art Blakey"
831,"The Brian Jonestown Massacre"
832,"Roots"
833,"Marty Paich"
834,"Kiss"
835,"The Broadcast"
836,"Drive-By Truckers"
837,"Dusty Springfield"
838,"Blonde Redhead"
839,"Patrick Cowley"
840,"Svante Soderqvist"
841,"Jess and the Ancient Ones"
842,"Collapsed Skull"
843,"Ken Ishii"
844,"David Edren"
845,"Lukah"
846,"Real Bad Man"
847,"Rachel Hayter"
848,"Boyscott"
849,"Cj Fly"
850,"Stoic"
851,"Uprise"
852,"Shitkid"
853,"Alex Y Christina"
854,"Tord Gustavsen Trio"
855,"The 69 Eyes"
856,"Forgotten Pharaohs"
857,"Lord"
858,"Warmduscher"
859,"Extremoduro"
860,"Say Zuzu"
861,"Unfolding"
862,"Donald Harrison"
863,"Dr. John"
864,"Alain Pierre"
865,"Bananagun"
866,"Cab Calloway"
867,"Danish Radio Big Band"
868,"Oren Ambarchi"
869,"Downhaul"
870,"Herbert Henck"
871,"Ed Schrader's Music Beat"
872,"Carver Commodore"
873,"Iotunn"
874,"Leah Dou"
875,"Dirty Projectors"
876,"Ray Charles"
877,"Girl Talk"
878,"Freeway"
879,"Culture"
880,"Soul Jazz Records Presents"
881,"Maul"
882,"Souled American"
883,"Sondre Lerche"
884,"Kraut"
885,"Dan Tyminski"
886,"Animal Collective"
887,"Billy Alexander"
888,"Seun Kuti"
889,"Twin Talk"
890,"Alejandro Sanz"
891,"Naima Bock"
892,"Sarah Vaughan"
893,"Kendra Morris"
894,"Stryper"
895,"Pat Benatar"
896,"Deliverance"
897,"Everclear"
898,"Ultravox"
899,"Fiesta En El Vacio"
900,"The Cardigans"
901,"Stan Getz"
902,"Nile"
903,"The Exploited"
904,"Susan Wong"
905,"Alan Parsons Project"
906,"Shabazz Palaces"
907,"Moe Bandy"
908,"Siamese"
909,"Charles Brown"
910,"Tenacious D"
911,"Arthur Brown"
912,"The Pierced Arrows"
913,"The Police"
914,"highly suspect"
915,"Wayne Shorter"
916,"Babymetal"
917,"Crazy Town"
918,"John Lee Hooker"
919,"Morbid Saint"
920,"Fruit Bats"
921,"Jimmy Buffett"
922,"William Parker"
923,"Londonbeat"
924,"Islands"
925,"Dr Frank"
926,"Enslaved"
927,"A Certain Ratio"
928,"Lucassen"
929,"Soeterboek's Plan Nine"
930,"Beings"
931,"Thou"
932,"BUNBURY"
933,"Duane Eddy"
934,"Bruce Sudano"
935,"Joyer"
936,"Josephine Baker"
937,"Brainstory"
938,"The Move"
939,"Chanel Beads"
940,"Israel Vibration"
941,"Cedric Burnside"
942,"Rafael Riqueni"
943,"Muna"
944,"Samson"
945,"36 Crazyfists"
946,"Mandalaband"
947,"The Steps"
948,"Darkest Hour"
949,"Farsot"
950,"Chromeo"
951,"Kali Malone"
952,"The Germs"
953,"Omar Coleman"
954,"Danielle Nicole"
955,"Lee Hazlewood"
956,"Stand Atlantic"
957,"Robben Ford"
958,"Niecy Blues"
959,"Maria Callas"
960,"Ennio Morricone"
961,"Crime"
962,"the City Solution"
963,"Bonnie Montgomery"
964,"Hermano"
965,"Future"
966,"Graham Parker"
967,"Derrick Morgan"
968,"Tomb Mold"
969,"Restless Spirit"
970,"Ludacris"
971,"Carnifex"
972,"Kenny Cox"
973,"Bobby Darin"
974,"Thomas Rhett"
975,"Palms"
976,"Pavlov's Dog"
977,"Ryuichi Sakamoto"
978,"The Church"
979,"Tucker Zimmerman"
980,"Ghostwriters"
981,"The Raveonettes"
982,"Ulver"
983,"Dave Brubeck Quartet"
984,"Pages"
985,"Godspeed You Black Emperor"
986,"Yasmin Williams"
987,"Hanson"
988,"White Hills"
989,"Simon"
990,"Garfunkel"
991,"Guided by Voices"
992,"Richie Kotzen"
993,"Weather Systems"
994,"Sepultura"
995,"Hella"
996,"Eclipse"
997,"Indian"
998,"Watchhouse"
999,"Julie"
1000,"Joni Mitchell"
1001,"Mj Lenderman"
1002,"L.C. Franke"
1003,"Thelonious Monk"
1004,"Fire Engines"
1005,"Tim Bowness"
1006,"The Revolutionary Army of the Infant Jesus"
1007,"Pat Metheny"
1008,"Millie Jackson"
1009,"Crypto Order"
1010,"Ween"
1011,"Suzanne Ciani"
1012,"Kevin Abstract"
1013,"X"
1014,"Jack Bruce"
1015,"Heaven 17"
1016,"Cass Elliot"
1017,"The Flower Travellin' Band"
1018,"Gerry Beckley"
1019,"Kairos Creature Club"
1020,"Angelina Mango"
1021,"Buffalo Tom"
1022,"Cyndi Lauper"
1023,"Believer"
1024,"Sunset Rubdown"
1025,"Brian Auger's Oblivion Express"
1026,"Savoy Brown Blues Band"
1027,"The Pernice Brothers"
1028,"Sheila E."
1029,"The Black Crowes"
1030,"Hurray for the Riff Raff"
1031,"Alice Cooper"
1032,"The English Beat"
1033,"Warren Haynes"
1034,"The Cult"
1035,"The Guess Who"
1036,"New Power Generation"
1037,"Peeping Tom"
1038,"Joe Bonamassa"
1039,"Foreigner"
1040,"Richard Wright"
1041,"Chris"
1042,"Cosey"
1043,"Gov't Mule"
1044,"Fred Again"
1045,"La Fuga"
1046,"Al Green"
1047,"Roy Ayers"
1048,"The Lemon Twigs"
1049,"Rudimentary Peni"
1050,"Metallica"
1051,"Ten Years After"
1052,"Natalie Imbruglia"
1053,"Elodie"
1054,"Tananai"
1055,"Dinosaur Jr."
1056,"Information Society"
1057,"Earth Wind"
1058,"Fire"
1059,"Roxy Music"
1060,"Elisa"
1061,"The Notorious B.I.G."
1062,"Panic! At the Disco"
1063,"The Gun Club"
1064,"The Gordons"
1065,"La Rappresentante Di Lista"
1066,"PJ Harvey"
1067,"Old Firm Casuals"
1068,"Villagers of Ioannina City"
1069,"Sam Phillips"
1070,"Lindemann"
1071,"Slow"
1072,"Can"
1073,"Barry Gray"
1074,"Mort Garson"
1075,"J.J. Cale"
1076,"Kero Kero Bonito"
1077,"Poison"
1078,"The Jacksons"
1079,"Kenny Burrell"
1080,"Richard Thompson"
1081,"Linda"
1082,"Paul McCartney"
1083,"Katy Perry"
1084,"The Traveling Wilburys"
1085,"Sam Coomes"
1086,"Heart"
1087,"Glenn Branca"
1088,"Sonic Youth"
1089,"Helloween"
1090,"D'Angelo"
1091,"Madlib"
1092,"Yello"
1093,"Talking Heads"
1094,"Talk Talk"
1095,"Skip Spence"
1096,"Anika"
1097,"Lebanon Hanover"
1098,"Demolition Hammer"
1099,"Body of Light"
1100,"Little Feat"
1101,"The Archies"
1102,"Nokbient"
1103,"Save Point"
1104,"Opeth"
1105,"Zac Brown"
1106,"Travis Tritt"
1107,"Charlie Byrd"
1108,"Arlo Parks"
1109,"Dangerous Toys"
1110,"Carcass"
1111,"Black Angels"
1112,"Dante's Fox"
1113,"Moby"
1114,"Chicano Batman"
1115,"Joy Oladokun"
1116,"Nate Smith"
1117,"The Fall"
1118,"Tangerine Dream"
1119,"Hank III"
1120,"Deep Forest"
1121,"Fievel Is Glauque"
1122,"Puscifer"
1123,"Kerala Dust"
1124,"Samara Joy"
1125,"Ill Considered"
1126,"Waltel Branco"
1127,"The Subhumans"
1128,"Aesop Rock"
1129,"London Music Works"
1130,"Unthank"
1131,"Smith"
1132,"The Head and the Heart"
1133,"Goat"
1134,"John Carpenter"
1135,"Leonard Bernstein"
1136,"Screamer"
1137,"Gentle Giant"
1138,"The Selecter"
1139,"Digable Planets"
1140,"Robbie Williams"
1141,"Chris Travis"
1142,"Royksopp"
1143,"Mason Jennings"
1144,"Ari Lennox"
1145,"Depeche Mode"
1146,"The Vandals"
1147,"Skinshape"
1148,"James Brown"
1149,"Muni Long"
1150,"Shpongle"
1151,"Stray from the Path"
1152,"Various Tribute to Pink Floyd Artists"
1153,"Marcus King"
1154,"Leon Redbone"
1155,"Larry Young"
1156,"Dylan Scott"
1157,"Def Leppard"
1158,"Quincy Jones"
1159,"Michael Giacchino"
1160,"Doris Troy"
1161,"Dengue Fever"
1162,"MO3"
1163,"Mongo Santamaria"
1164,"Moon Duo"
1165,"The Robert Cray Band"
1166,"Terry Allen"
1167,"Dorothy"
1168,"Brett Dennen"
1169,"The Pop Group"
1170,"The Ventures"
1171,"Jonathan Richman"
1172,"the Modern Lovers"
1173,"Aleister Crowley"
1174,"Jack Harlow"
1175,"Wage War"
1176,"Spoon"
1177,"Killer Be Killed"
1178,"Les Claypool's Duo De Twang"
1179,"Charlie Parr"
1180,"Darren Criss"
1181,"Allen Stone"
1182,"Mr Bungle"
1183,"Parker McCollum"
1184,"Lindsey Buckingham"
1185,"Guy Clark"
1186,"glaive"
1187,"Elephant Tree"
1188,"Iron"
1189,"Wine"
1190,"Pinhead Gunpowder"
1191,"The Antlers"
1192,"Alicia Keys"
1193,"Lee Brice"
1194,"Bruce Springsteen"
1195,"Danzig"
1196,"Surprise Chef"
1197,"All Them Witches"
1198,"Pvris"
1199,"Joel McNeely"
1200,"Greg Graffin"
1201,"Redd Kross"
1202,"Ezra Furman"
1203,"The Who"
1204,"Selena Gomez"
1205,"King Krule"
1206,"Burna Boy"
1207,"Anamanaguchi"
1208,"John Coltrane"
1209,"Indian Summer"
1210,"Particle Kid"
1211,"She Past Away"
1212,"Crash Test Dummies"
1213,"Larkin Poe"
1214,"Yazoo"
1215,"Johnny Adams"
1216,"The Drums"
1217,"Mavis Staples"
1218,"Keuning"
1219,"Malibu Ken"
1220,"Kaiser Chiefs"
1221,"Gunship"
1222,"Billy F Gibbons"
1223,"Amos Lee"
1224,"Brownout"
1225,"Pop Evil"
1226,"Rosetta Sister Tharpe"
1227,"Sandra Boynton"
1228,"James Taylor"
1229,"Billy Idol"
1230,"Kaleida"
1231,"Airbourne"
1232,"White Reaper"
1233,"Dead Can Dance"
1234,"Lilys"
1235,"Brent Cobb"
1236,"Petit Biscuit"
1237,"Hall"
1238,"Oates"
1239,"Banda Black Rio"
1240,"Yes"
1241,"LeAnn Rimes"
1242,"John Mellencamp"
1243,"Yo-Yo Ma"
1244,"Lake Street Dive"
1245,"Lyle Lovett"
1246,"Bill Frisell"
1247,"Nightmares on Wax"
1248,"Belle and Sebastian"
1249,"Dave Brubeck"
1250,"Xiu Xiu"
1251,"Unknown Mortal Orchestra"
1252,"Tito Puente"
1253,"Ebo Taylor"
1254,"Yeah Yeah Yeahs"
1255,"Aretha Franklin"
1256,"Charlie Parker"
1257,"Purity Ring"
1258,"Francis Bebey"
1259,"Swell Maps"
1260,"Starf***er"
1261,"Pokey LaFarge"
1262,"Bruce Cockburn"
1263,"D.R.I."
1264,"Volcano Choir"
1265,"Cream"
1266,"Embrace"
1267,"Damien Jurado"
1268,"Brainiac"
1269,"Foxboro Hot Tubs"
1270,"Sharon Jones"
1271,"Jawbreaker"
1272,"A Silver Mt. Zion"
1273,"AFI"
1274,"2 Live Crew"
1275,"Nick Schilder"
1276,"Christophe Heral"
1277,"Male Tears"
1278,"Steve Leach"
1279,"Jac Berrocal"
1280,"Hard Stuff"
1281,"Immanual Wilkins"
1282,"Carly Simon"
1283,"Fantasy of a Broken Heart"
1284,"Greenleaf"
1285,"Nice Biscuit"
1286,"Ismael Rivera"
1287,"Luis Gasca"
1288,"The Ram"
1289,"Jerry Goldsmith"
1290,"Jay Chattaway"
1291,"1349"
1292,"Gilbert O'Sullivan"
1293,"Oliver Leith"
1294,"Jim All Stars Jones"
1295,"Blackmore's Night"
1296,"Roscoe Holcomb"
1297,"Sting"
1298,"Wand"
1299,"Phoenix"
1300,"Robert Earl Keen"
1301,"Placebo (Belgium)"
1302,"Yellowman"
1303,"Rosanne Cash"
1304,"Dennis Brown"
1305,"Sarcófago"
1306,"The Destroyer"
1307,"Phosphorescent"
1308,"Run DMC"
1309,"Wes Montgomery"
1310,"The Jon Spencer Blues Explosion"
1311,"Quasimoto"
1312,"Mission of Burma"
1313,"Mean Creek"
1314,"Black Mountain"
1315,"Buju Banton"
1316,"Do Make Say Think"
1317,"Dropkick Murphys"
1318,"Heatmiser"
1319,"Quartabe"
1320,"If Not for Me"
1321,"Drone Assembly"
1322,"Angelic Upstarts"
1323,"Harry Bertoia"
1324,"Thee Midniters"
1325,"#/Tau"
1326,"Nick Lowe"
1327,"Sans Soucis"
1328,"Hypnosonics"
1329,"The Stoner"
1330,"Mitochondrion"
1331,"Jonny Tobin"
1332,"The Room"
1333,"Outrageous Cherry"
1334,"James Woods"
1335,"Shooter Jennings"
1336,"Count Basie"
1337,"Beegie Adair"
1338,"Chet Baker"
1339,"His Orchestra"
1340,"Colin Stetson"
1341,"Claudio Simonetti's Goblin"
1342,"Frederik Valentin"
1343,"Dead Boys"
1344,"Josh Turner"
1345,"Immolation"
1346,"Brainticket"
1347,"Francesca Brown"
1348,"Leprous"
1349,"Yogi"
1350,"Woof"
1351,"Akon"
1352,"Shelby Lynne"
1353,"Bill Wyman"
1354,"Ozma"
1355,"Futurebirds"
1356,"Meshell Ndegeocello"
1357,"Soil"
1358,"Aldn"
1359,"Worshipper"
1360,"Jake Xerxes Fussell"
1361,"Ace Frehley"
1362,"Gene Loves Jezebel"
1363,"The Only Ones"
1364,"La Dispute"
1365,"Rjd2"
1366,"Shadow Gallery"
1367,"Rachel Chinouriri"
1368,"NEIL FRANCES"
1369,"The Ghost Club"
1370,"Sam"
1371,"Dave"
1372,"Days of the New"
1373,"Benny Goodman"
1374,"Creekbed Carter Hogan"
1375,"Gary Clark Jr."
1376,"Junior Wells"
1377,"Julian Lage"
1378,"Liam Bailey"
1379,"Fred Frith"
1380,"Penelope Scott"
1381,"J Mascis"
1382,"Archie Shepp"
1383,"Silverstein"
1384,"Dr. Hook"
1385,"the Medicine Show"
1386,"Public Enemy"
1387,"Mantovani"
1388,"Dismember"
1389,"Parcels"
1390,"Devo"
1391,"Filth Is Eternal"
1392,"Brujeria"
1393,"Everything Everything"
1394,"Weezer"
1395,"Straight No Chaser"
1396,"Temple of Angels"
1397,"Grandaddy"
1398,"Andrew McMahon In The Wilderness"
1399,"Youth Lagoon"
1400,"Uriah Heep"
1401,"Leftfield"
1402,"Neil Gaiman"
1403,"Fourplay String Quartet"
1404,"Haircut 100"
1405,"Lucky Daye"
1406,"Trey Songz"
1407,"Christine Perfect"
1408,"Five Finger Death Punch"
1409,"Bow Wow Wow"
1410,"Oliver Hart"
1411,"Syml"
1412,"Beast in Black"
1413,"Morio Agata"
1414,"DJ Cam"
1415,"Silverchair"
1416,"Jon Pardi"
1417,"Liquid Tension Experiment"
1418,"Joan Jett"
1419,"Ministry"
1420,"John McLaughlin"
1421,"Willi Carlisle"
1422,"The Georgia Satellites"
1423,"Sasha Alex Sloan"
1424,"VRSTY"
1425,"Mankunku Quartet"
1426,"Tegan"
1427,"Sara"
1428,"Ghalia"
1429,"Aaron Parks"
1430,"Killer Mike"
1431,"Rammstein"
1432,"Anand Wilder"
1433,"Pretty Boy Floyd"
1434,"The Browning"
1435,"Bad Suns"
1436,"Beach Fossils"
1437,"James Arthur"
1438,"The Replacements"
1439,"Chris Acker"
1440,"Badflower"
1441,"Marillion"
1442,"Interpol"
1443,"The Drifters"
1444,"Mammoth Wvh"
1445,"Grandson"
1446,"Valium Aggelein"
1447,"Eyedea"
1448,"Abilities"
1449,"Modern English"
1450,"Andrew Hill"
1451,"Phil Collins"
1452,"Renaissance"
1453,"R.E.M."
1454,"Rise Against"
1455,"Rod Stewart"
1456,"Howlin Wolf"
1457,"Joe Dassin"
1458,"Billy Squier"
1459,"Napalm Death"
1460,"Lionel Richie"
1461,"Lorenzo Feliciati"
1462,"Langhorne Slim"
1463,"Jon Bellion"
1464,"Minnie Riperton"
1465,"Wheeler Walker Jr"
1466,"Tops"
1467,"Pinback"
1468,"B.B. King"
1469,"John Williams"
1470,"Alex Cameron"
1471,"The Chemical Brothers"
1472,"Pedro Santos"
1473,"The Sneaks"
1474,"Manfred Mann's Earth Band"
1475,"Steve Earle"
1476,"The B-52's"
1477,"Jimmy Eat World"
1478,"Cheap Trick"
1479,"Johnny Hammond"
1480,"Chico Trujillo"
1481,"James Bay"
1482,"The Isley Brothers"
1483,"Manchester Orchestra"
1484,"Seether"
1485,"Portugal. The Man"
1486,"Low"
1487,"v[NEU]"
1488,"Grizzly Bear"
1489,"Wild Nothing"
1490,"Misfits"
1491,"Sword"
1492,"The Allman Brothers Band"
1493,"Ryan Adams"
1494,"Lewis Evans"
1495,"Frank Chickens"
1496,"Defset"
1497,"Children's Crusade"
1498,"Johnny Coley"
1499,"Shack"
1500,"Da Brat"
1501,"Aeternus"
1502,"Rotting Christ"
1503,"Lowrider"
1504,"Cats in Space"
1505,"Kris Kristofferson"
1506,"Oreo Jones"
1507,"Jarabe De Pao"
1508,"The Supremes"
1509,"Nonconnah"
1510,"Mnemic"
1511,"Pentagram"
1512,"Drug Church"
1513,"Trace Mountains"
1514,"Greenslade"
1515,"The Lijadu Sisters"
1516,"Dave Guy"
1517,"Meat Puppets"
1518,"Hollow Coves"
1519,"His Astro Ihnfinity Arkestra"
1520,"Dwarves"
1521,"Towa Bird"
1522,"Autopsy"
1523,"Combo Daguerre"
1524,"Jeff Parkhurst"
1525,"Omd ( Orchestral Manoeuvres in the Dark )"
1526,"Frehley's Comet"
1527,"Primus"
1528,"John Grant"
1529,"Cactus"
1530,"The Murlocs"
1531,"Big Head Todd"
1532,"the Monsters"
1533,"Lita Ford"
1534,"William DeVaughn"
1535,"Lizz Wright"
1536,"Poison Idea"
1537,"Sue Foley"
1538,"Sizzla"
1539,"The Rods"
1540,"Charles Moothart"
1541,"Black Curse"
1542,"Amiture"
1543,"Freitas.Amaro"
1544,"Royal Tusk"
1545,"Friko"
1546,"Buddy Guy"
1547,"Lewis Parker"
1548,"Chicken Shack"
1549,"Bret Michaels"
1550,"Hotelier"
1551,"Hannah White"
1552,"Tabernacle Choir at Temple Square"
1553,"Foxing"
1554,"The Earth"
1555,"Rick Springfield"
1556,"Neneh Cherry"
1557,"Elvin Jones"
1558,"Say She She"
1559,"Devendra Banhart"
1560,"Amaarae"
1561,"Canned Heat"
1562,"Codeine"
1563,"Cyhra"
1564,"Bronson Arroyo"
1565,"The '04"
1566,"Yot Club"
1567,"Paul Gilbert"
1568,"Idris Muhammad"
1569,"Virgin Steele"
1570,"Ian Munsick"
1571,"Heatwave"
1572,"The Warlocks"
1573,"CVC"
1574,"Steel Panther"
1575,"Filmorchester Babelsberg"
1576,"Avril Lavigne"
1577,"Joe Bataan"
1578,"Twiddle"
1579,"Trampled by Turtles"
1580,"Nigel Kennedy"
1581,"Keane"
1582,"Jorge Ben"
1583,"Alison Wonderland"
1584,"Parov Stelar"
1585,"Freddie Gibbs"
1586,"Architects"
1587,"Blossom Dearie"
1588,"Hixtape"
1589,"Lady Wray"
1590,"Curtis Harding"
1591,"Phish"
1592,"The Pond"
1593,"Sullivan King"
1594,"Imagine Dragons"
1595,"Kat Von D"
1596,"Big Red Machine"
1597,"Lee Perry"
1598,"Colin Hay"
1599,"Elliott Smith"
1600,"Ryo Fukui"
1601,"Monophonics"
1602,"Electronic"
1603,"Czarface"
1604,"Rock N Roll High School"
1605,"Chuck Berry"
1606,"Hoobastank"
1607,"Avail"
1608,"Pelican"
1609,"Travis"
1610,"James Blake"
1611,"Bill Justis"
1612,"Chicha Libre"
1613,"Kitaro"
1614,"French Kiwi Juice"
1615,"Thom Yorke"
1616,"Why"
1617,"This Wild Life"
1618,"Theory of a Deadman"
1619,"Ashley McBryde"
1620,"Robert Plant"
1621,"Royal Blood"
1622,"Lhasa"
1623,"k.d. lang"
1624,"Passenger"
1625,"Kevin Morby"
1626,"Faithless"
1627,"Elvis Costello"
1628,"Dean Martin"
1629,"The Band"
1630,"Billie Holiday"
1631,"The Reigning Sound"
1632,"Sunny War"
1633,"Tin Machine"
1634,"Ruben Blades"
1635,"Lunar Vacation"
1636,"Jeff Rosenstock"
1637,"Beaches"
1638,"Rich Brian"
1639,"OneRepublic"
1640,"Hiss Golden Messenger"
1641,"Counting Crows"
1642,"Dexter Gordon"
1643,"Busta Rhymes"
1644,"Teenage Wrist"
1645,"Billie Joe Armstrong"
1646,"XTC"
1647,"Hozan Yamamoto"
1648,"David Byrne"
1649,"Matthew Sweet"
1650,"Nekromantix"
1651,"Delvon Lamarr"
1652,"Antonio Carlos Jobim"
1653,"Paco De Lucia"
1654,"Rolling Blackouts C. F."
1655,"Fiddlehead"
1656,"Bomba Estereo"
1657,"Bolt Thrower"
1658,"Fazerdaze"
1659,"2Pac"
1660,"First Class Rocksteady"
1661,"Bayside"
1662,"Imelda May"
1663,"Wolf Alice"
1664,"Dr Dog"
1665,"King Tubby"
1666,"Boards of Canada"
1667,"Propagandhi"
1668,"John K. Samson"
1669,"Andrew Bissell"
1670,"Jack Johnson"
1671,"G.G. Allin"
1672,"Jason Molina"
1673,"Sleater-Kinney"
1674,"Of Montreal"
1675,"Absolutely Not"
1676,"Coilguns"
1677,"Karen Souza"
1678,"The Prisoners"
1679,"Max Gerl"
1680,"Market"
1681,"Brow Beat"
1682,"Teho Teardo"
1683,"The Courteeners"
1684,"Trash Boat"
1685,"Afro Medusa"
1686,"New Edition"
1687,"Antisect"
1688,"Pitbull"
1689,"Sophie"
1690,"Twisted Dream Machine (the Paisley Underground"
1691,"Michelle"
1692,"Anthony Moore"
1693,"Manu Chao"
1694,"Modest Jazz Trio"
1695,"Matt Duncan"
1696,"Best of Franz Schubert"
1697,"Gabriel Dell"
1698,"Strange Party"
1699,"Bernard Butler"
1700,"Black Bacon"
1701,"Wiener Philharmoniker"
1702,"Josie Cotton"
1703,"Toots"
1704,"The Maytals"
1705,"Origami Angel"
1706,"Sia"
1707,"Against All Authority"
1708,"Medium Build"
1709,"Kittie"
1710,"Noahfinnce"
1711,"Deathwish"
1712,"Birth Day"
1713,"Swamp Dogg"
1714,"At the Gates"
1715,"Soul Glo"
1716,"Squirrel Nut Zippers"
1717,"Hombres G"
1718,"St. Vincent"
1719,"Herbie Hancock"
1720,"Arm's Length"
1721,"Versus the World"
1722,"Wham"
1723,"Xasthur"
1724,"Mountain"
1725,"Comus"
1726,"Cannonball Adderley"
1727,"Ella Washington"
1728,"Amigo the Devil"
1729,"Middle Kids"
1730,"Within Temptation"
1731,"Lucifer"
1732,"Vital Remains"
1733,"Simps"
1734,"Apocalyptica"
1735,"El Mato a Un Policia Motorizado"
1736,"Swing Cats"
1737,"Struts"
1738,"Taj Mahal"
1739,"Bryce Dessner"
1740,"Kabaka Pyramid"
1741,"Tatsuro Yamashita"
1742,"Empire State Bastard"
1743,"John Fogerty"
1744,"Jim Croce"
1745,"Band Camino"
1746,"Puddle of Mudd"
1747,"Beverly Glenn-Copeland"
1748,"Kesha"
1749,"Bokante"
1750,"6Lack"
1751,"Geese"
1752,"Al Hirt"
1753,"Arcturus"
1754,"White Lion"
1755,"Raven"
1756,"Ottto"
1757,"Lonnie Holley"
1758,"Sabaton"
1759,"Mogwai"
1760,"Switchfoot"
1761,"Paul Weller"
1762,"Bonny Light Horseman"
1763,"The Staple Singers"
1764,"Linda Martell"
1765,"Loverboy"
1766,"Various SING 2 Artists"
1767,"Kaleo"
1768,"Laurie Anderson"
1769,"Citizen"
1770,"Kings of Leon"
1771,"Wesley Schultz"
1772,"Between the Buried and Me"
1773,"McCoy Tyner"
1774,"Britney Spears"
1775,"William Shatner"
1776,"Sasha Sloan"
1777,"STRFKR"
1778,"Jack Russell'S Great White"
1779,"Toto"
1780,"James Gang"
1781,"Graeme James"
1782,"Albert Ayler"
1783,"William Tyler"
1784,"John Mississippi Hurt"
1785,"Honne"
1786,"Eurythmics"
1787,"Lee Fields"
1788,"Expressions"
1789,"Lightnin Hopkins"
1790,"Dr. Dog"
1791,"Plasmatics"
1792,"Clutch"
1793,"The Lawrence Arms"
1794,"La Luz"
1795,"Zedd"
1796,"Galactic"
1797,"The Tallest Man on Earth"
1798,"Suicide"
1799,"Challenger"
1800,"All Seeing Dolls"
1801,"The Plus Ones"
1802,"Rafael Anton Irisarri"
1803,"Bibio"
1804,"God Bullies"
1805,"Tim Heidecker"
1806,"Suede"
1807,"Kelly Finnigan"
1808,"Sonora Poncena"
1809,"Propaganda"
1810,"Aztlan Unearthed"
1811,"Kraftwerk"
1812,"Scientist"
1813,"Dennis Coffey"
1814,"Incantation"
1815,"SS Decontrol"
1816,"Ella Fitzgerald"
1817,"Woe of Tyrants"
1818,"The Judds"
1819,"Mortal Sin"
1820,"Pyrrhon"
1821,"Toro Y Moi"
1822,"Natasha Bedingfield"
1823,"Fourplay"
1824,"Burning Witches"
1825,"U-Roy"
1826,"Héctor Lavoe"
1827,"Christ on Crutch"
1828,"Lydia Loveless"
1829,"Amestigon"
1830,"Free Throw"
1831,"P.O.D."
1832,"Russian Baths"
1833,"Mike Campbell"
1834,"The Dirty Knobs"
1835,"The Fuzztones"
1836,"Holy Mother"
1837,"Peggy Gou"
1838,"Eels"
1839,"Orebolo"
1840,"Candlemass"
1841,"Snarky Puppy"
1842,"Danger Mouse"
1843,"Jemini"
1844,"Aventura"
1845,"Cradle of Filth"
1846,"Universal Order of Armageddon"
1847,"Retrograde"
1848,"Loren Kramer"
1849,"Niney the Observer"
1850,"Comeback Kid"
1851,"Mago De Oz"
1852,"Gost"
1853,"Lil Wayne"
1854,"Francoise Hardy"
1855,"Fabiano Do Nascimento"
1856,"Emarosa"
1857,"Lil Durk"
1858,"Ginger Baker"
1859,"The Cat Empire"
1860,"Night Ranger"
1861,"Bryan Adams"
1862,"Bobby Keys"
1863,"Passion Pit"
1864,"RPWL"
1865,"Primal Scream"
1866,"The Human League"
1867,"Red Rockers"
1868,"Rick Astley"
1869,"Epica"
1870,"Stove God Cooks"
1871,"Ohio Players"
1872,"Ricky Montgomery"
1873,"Oliver Tree"
1874,"Maria Mena"
1875,"Lage Lund"
1876,"Everyone Asked About You"
1877,"Native Nod"
1878,"Thomas Bangalter"
1879,"Jon Batiste"
1880,"Fatboy Slim"
1881,"General Public"
1882,"Michael Bolton"
1883,"Bayonne"
1884,"Baby Rose"
1885,"Adrian Younge"
1886,"Ali Shaheed Muhammad"
1887,"Larry Coryell"
1888,"The Small Faces"
1889,"Rupa"
1890,"Tank"
1891,"The Phoenix"
1892,"The Pretty Reckless"
1893,"Avatar"
1894,"Lil Wyte"
1895,"Jelly Roll"
1896,"Love and Rockets"
1897,"zzzahara"
1898,"The Bloodline"
1899,"Queensrÿche"
1900,"Tim Buckley"
1901,"Boston Manor"
1902,"Duwayne Burnside"
1903,"Parkway Drive"
1904,"Danny Elfman"
1905,"Fame on Fire"
1906,"Lizzo"
1907,"Millencolin"
1908,"Ralfi Pagan"
1909,"Cute Is What We Aim For"
1910,"Bella White"
1911,"Savatage"
1912,"Grouplove"
1913,"Poppy"
1914,"Ihsahn"
1915,"Mastodon"
1916,"Spiritualized"
1917,"Rare Earth"
1918,"Pachyman"
1919,"Conan"
1920,"L'Imperatrice"
1921,"Loretta Lynn"
1922,"Dream Sitch"
1923,"Brothers Osborne"
1924,"Lil Yachty"
1925,"Eyedress"
1926,"Gerard Way"
1927,"The White Stripes"
1928,"Black Uhuru"
1929,"Natty"
1930,"Jhelisa"
1931,"Ramin Djawadi"
1932,"The Blasters"
1933,"Spice Girls"
1934,"Id Labs"
1935,"Amorphis"
1936,"Judy Garland"
1937,"Daniel Johnston"
1938,"Sauce Walka"
1939,"Black Sherif"
1940,"Prince Lasha Quintet"
1941,"High Desert Queen"
1942,"Porij"
1943,"David J"
1944,"Jimin (Bts)"
1945,"Humble Pie"
1946,"The Script"
1947,"Transplants"
1948,"The Yardbirds"
1949,"The Babys"
1950,"Franz Ferdinand"
1951,"Marshmello"
1952,"Genesis"
1953,"Voodoo Glow Skulls"
1954,"Brian Eno"
1955,"Thee Oh Sees"
1956,"Harry Nilsson"
1957,"Every Time I Die"
1958,"They Might Be Giants"
1959,"Clovis Ochin"
1960,"Camoflauge Monk"
1961,"Painted Vein"
1962,"Brooks"
1963,"Chinese Man"
1964,"Aptorian Demon"
1965,"Misery Signals"
1966,"Peter Hammill"
1967,"Molder"
1968,"Doctor Bionic"
1969,"Brenton Wood"
1970,"Fleshwater"
1971,"Wade Bowen"
1972,"Sixpence None the Richer"
1973,"Chats"
1974,"Puma Blue"
1975,"Fear Factory"
1976,"Bully"
1977,"Patsy Cline"
1978,"Mark Korven"
1979,"Crowded House"
1980,"The Langley Schools Music Project"
1981,"From First to Last"
1982,"Tijuana Brass"
1983,"Down"
1984,"Waxahatchee"
1985,"Fripp"
1986,"Eno"
1987,"Alkaline Trio"
1988,"Frank Turner"
1989,"Flight of the Conchords"
1990,"Peter Frampton"
1991,"Geoff Tate"
1992,"Sweet"
1993,"Wallice"
1994,"Brothers of Metal"
1995,"Teddy Edwards"
1996,"Howard McGhee"
1997,"Kehlani"
1998,"Wings"
1999,"BTS"
2000,"The Fray"
2001,"Sheryl Crow"
2002,"Leadbelly"
2003,"Miles Davis Quintet"
2004,"T-Bone Walker"
2005,"Clipping"
2006,"the Maytals"
2007,"Breaking Benjamin"
2008,"DIIV"
2009,"Tinariwen"
2010,"Gregory Isaacs"
2011,"Preservation Hall Jazz Band"
2012,"Marty Robbins"
2013,"Dead Prez"
2014,"Of Monsters and Men"
2015,"Glen Hansard"
2016,"Ahmad Jamal"
2017,"Derek"
2018,"the Dominos"
2019,"L.A. Guns"
2020,"The Lightning Seeds"
2021,"Sango"
2022,"Simply Red"
2023,"Noga Erez"
2024,"Niki"
2025,"Ella Jenkins"
2026,"Pigeons Playing Ping Pong"
2027,"Linda Ronstadt"
2028,"Iggy Pop"
2029,"The Electric Hellfire Club"
2030,"Pat Travers"
2031,"Jersey Boys"
2032,"Gucci Mane"
2033,"MDC"
2034,"Municipal Waste"
2035,"Shania Twain"
2036,"Das EFX"
2037,"Grand Puba"
2038,"Journey"
2039,"Fontaines D.C."
2040,"The Chicks"
2041,"100 gecs"
2042,"Bread"
2043,"Logic"
2044,"Joss Stone"
2045,"Avicii"
2046,"Operators"
2047,"Beck"
2048,"Cibo Matto"
2049,"The Menzingers"
2050,"Mudcrutch"
2051,"L7"
2052,"Anna McClellan"
2053,"Leonard Cohen"
2054,"Jet"
2055,"Black Keys"
2056,"Nefilim"
2057,"Mark Farner"
2058,"Undeath"
2059,"Ezra Collective"
2060,"Dayseeker"
2061,"Mitch Rowland"
2062,"Yellowcard"
2063,"Philharmonia Orchestra"
2064,"Shinedown"
2065,"N Sync"
2066,"Supertramp"
2067,"Bottom Bracket"
2068,"Nanowar of Steel"
2069,"Paul Kelly"
2070,"Michael C. Hall"
2071,"Cyril"
2072,"cLOUDDEAD"
2073,"Andrew Gabbard"
2074,"Gilad Hekselman"
2075,"Andy Grammer"
2076,"Wojciech Kilar"
2077,"Trauma Ray"
2078,"Krokus"
2079,"Mac Dre"
2080,"Steely Dan"
2081,"Motion City Soundtrack"
2082,"Charlie Puth"
2083,"Styx"
2084,"Grouper"
2085,"Gipsy Kings"
2086,"Method Man"
2087,"Utah Saints"
2088,"Tsunami"
2089,"Mother of Graves"
2090,"Baden Powell"
2091,"Balance"
2092,"Composure"
2093,"Suffocation"
2094,"Dio"
2095,"Sly"
2096,"the Family Stone"
2097,"Sam Smith"
2098,"Neko Case"
2099,"TV on the Radio"
2100,"John Mayall"
2101,"Bluesbreakers"
2102,"Deadmau5"
2103,"Enuff Z'nuff"
2104,"Milky Chance"
2105,"Ed Sheeran"
2106,"Sum 41"
2107,"Justin Timberlake"
2108,"The Turtles"
2109,"Luciano Pavarotti"
2110,"Loudblast"
2111,"Bratmobile"
2112,"Johnnie Taylor"
2113,"Koe Wetzel"
2114,"Kenny Chesney"
2115,"Amaranthe"
2116,"Mindless Self Indulgence"
2117,"Aaron West"
2118,"the Roaring Twenties"
2119,"Starship"
2120,"Jojo"
2121,"Marilyn Monroe"
2122,"Architects UK"
2123,"Heartbreakers"
2124,"Archers of Loaf"
2125,"Washed Out"
2126,"RZA"
2127,"Erra"
2128,"The Carpenters"
2129,"Diamond Head"
2130,"Melody Gardot"
2131,"Conrad Schnitzler"
2132,"Windhand"
2133,"Wilderado"
2134,"Dan Reeder"
2135,"Chai"
2136,"Vansire"
2137,"Janelle Monae"
2138,"Troye Sivan"
2139,"Calum Scott"
2140,"DJ Quik"
2141,"Video Age"
2142,"Jeroen van Veen"
2143,"Haliphron"
2144,"Dave Stewart"
2145,"the Spiritual Cowboys"
2146,"Shakira"
2147,"Jah Wobble"
2148,"Mustafa"
2149,"Rob Zombie"
2150,"OK Go"
2151,"Kid Cudi"
2152,"Amyl"
2153,"Sniffers"
2154,"Caravan Palace"
2155,"The Basement"
2156,"Christina Aguilera"
2157,"The State Champs"
2158,"Laura Jane Grace"
2159,"The 13th Floor Elevators"
2160,"Eddie Money"
2161,"Lauv"
2162,"Skrillex"
2163,"Elmore James"
2164,"Kenji Kawai"
2165,"Saosin"
2166,"The Bouncing Souls"
2167,"Dom Martin"
2168,"Dero Goi"
2169,"Delta Sleep"
2170,"Sara Bareilles"
2171,"National Parks"
2172,"Key Glock"
2173,"blink-182"
2174,"Wild Rivers"
2175,"Waterparks"
2176,"Sadus"
2177,"Josh Groban"
2178,"Moloko"
2179,"The Brains"
2180,"McDonald"
2181,"Giles"
2182,"The Kills"
2183,"Channel Tres"
2184,"Ransom"
2185,"Nicholas Craven"
2186,"Herman Chin Loy"
2187,"Solitude Aeturnus"
2188,"Danko Jones"
2189,"Michael Seyer"
2190,"Dan Deacon"
2191,"Rolling Stones"
2192,"Ravyn Lenae"
2193,"Rancid"
2194,"Calexico"
2195,"Yazmin Lacey"
2196,"Enforcer"
2197,"Crac"
2198,"Tripping Daisy"
2199,"Four Year Strong"
2200,"Skullcrusher"
2201,"Dead South"
2202,"Foetus"
2203,"Three 6 Mafia"
2204,"Halestorm"
2205,"Kate Bollinger"
2206,"Natalie Cole"
2207,"The Moldy Peaches"
2208,"Rochelle Jordan"
2209,"Oliver Nelson"
2210,"Ziggy Alberts"
2211,"Maggie Rogers"
2212,"Lil Kim"
2213,"Boney M"
2214,"Friends"
2215,"Doc Watson"
2216,"Randy Travis"
2217,"Mgla"
2218,"Destroyer"
2219,"Arrogant Sons of Bitches"
2220,"The Mekons"
2221,"Carly Rae Jepsen"
2222,"EPMD"
2223,"Pennywise"
2224,"Shannon"
2225,"Clams"
2226,"Sincere Engineer"
2227,"Sampha"
2228,"The Dangerous Summer"
2229,"Héroes del Silencio"
2230,"Sarah McLachlan"
2231,"Jg Thirlwell"
2232,"Blaze Foley"
2233,"Cactus Blossoms"
2234,"Elle King"
2235,"Buddy Holly"
2236,"Gaslight Anthem"
2237,"Richard Buckner"
2238,"Power Trip"
2239,"Man or Astro-man?"
2240,"Foxygen"
2241,"Wanda Jackson"
2242,"Robert Johnson"
2243,"Captain Beefheart"
2244,"Screaming Trees"
2245,"Jacintha"
2246,"Magnolia Electric Co."
2247,"Om"
2248,"Osker"
2249,"Jorge Drexler"
2250,"Nightingale"
2251,"Chris Mahoney"
2252,"Günter Schickert"
2253,"Drivin N Cryin"
2254,"Harald Grosskopf"
2255,"Johns.Daryl"
2256,"The Slippers"
2257,"Boogie Down Productions"
2258,"Matty"
2259,"Public Service Broadcasting"
2260,"Justin Moore"
2261,"Fela Kuti"
2262,"Dig"
2263,"Draco Rosa"
2264,"The Amity Affliction"
2265,"Delegation"
2266,"Winter Solstice"
2267,"Mika"
2268,"Jackie McLean"
2269,"Artifacts"
2270,"Kool Keith"
2271,"Shadow Project"
2272,"Stray Cats"
2273,"Razor White"
2274,"Camerata Mediolanense"
2275,"Meat Beat Manifesto"
2276,"Merzbow"
2277,"Hana Vu"
2278,"Marc Anthony"
2279,"Tricky"
2280,"The Roots"
2281,"Courting"
2282,"New Found Glory"
2283,"Leaves' Eyes"
2284,"Alice Coltrane"
2285,"Dana"
2286,"Alden"
2287,"Their / They're / There"
2288,"The Ghetto Brothers"
2289,"Ghoul"
2290,"Artimus Pyle"
2291,"Grant Green"
2292,"Grupo Los Yoyi"
2293,"Field Medic"
2294,"Oxymorrons"
2295,"Creeper"
2296,"Andrew Bird's Bowl of Fire"
2297,"Gareth Donkin"
2298,"Slick Rick"
2299,"Whodini"
2300,"Sylosis"
2301,"Tori Amos"
2302,"Faith Hill"
2303,"Dinner Party"
2304,"Andrew Gold"
2305,"John Eliot Gardiner"
2306,"Pigface"
2307,"The World Is a Beautiful Place"
2308,"I Am No Longer Afraid to Die"
2309,"Wednesday"
2310,"The Call"
2311,"Kate Davis"
2312,"Frightened Rabbit"
2313,"Ivy"
2314,"The Dictators"
2315,"Wilson Pickett"
2316,"The Skatalites"
2317,"Tarika Blue"
2318,"Siouxsie"
2319,"Banshees"
2320,"Dayglow"
2321,"Macabre"
2322,"Only the Family"
2323,"Smile"
2324,"Claypool Lennon Delirium"
2325,"Miranda Lambert"
2326,"Jackyl"
2327,"The Ghost Inside"
2328,"O'Reillys"
2329,"The Paddyhats"
2330,"Mrs. Henry"
2331,"DeWolff"
2332,"Yemen Blues"
2333,"Amythyst Kiah"
2334,"Jake Bugg"
2335,"Mercyful Fate"
2336,"Vance Joy"
2337,"Dead Poet Society"
2338,"Low Cut Connie"
2339,"Pastel Ghost"
2340,"Bonnie Raitt"
2341,"Kacey Musgraves"
2342,"Within the Ruins"
2343,"Leathermouth"
2344,"Banks"
2345,"Walk the Moon"
2346,"Merle Haggard"
2347,"Homer"
2348,"Capcom Sound Team"
2349,"200 Stab Wounds"
2350,"Paul Young"
2351,"The Nails"
2352,"Larry Wallis"
2353,"Steel Pulse"
2354,"NxWorries"
2355,"Yusef Lateef"
2356,"Teenage Fanclub"
2357,"Kesha ( Ke$Ha )"
2358,"The Ataris"
2359,"Ice Nine Kills"
2360,"Elizabeth Cotten"
2361,"Foxwarren"
2362,"Kelsea Ballerini"
2363,"Lord Huron"
2364,"Justin Bieber"
2365,"Vampire Weekend"
2366,"Social Distortion"
2367,"Tiger Army"
2368,"Murder City Devils"
2369,"Sophie Zelmani"
2370,"Stormwitch"
2371,"Steve Forbert"
2372,"Yung Lean"
2373,"Chrome"
2374,"Papa Roach"
2375,"Remi Wolf"
2376,"RuPaul"
2377,"Daniel Lanois"
2378,"Highwomen"
2379,"Idles"
2380,"Steve Reich"
2381,"Pink"
2382,"William Onyeabor"
2383,"Hatebreed"
2384,"Zacc Harris"
2385,"Xeno"
2386,"Oaklander"
2387,"Akira Ifukube"
2388,"Mindless Sinner"
2389,"Dead or Alive"
2390,"Thee Heart Tones"
2391,"METZ"
2392,"Sponge"
2393,"The Waterboys"
2394,"John Denver"
2395,"AJJ"
2396,"Jim Jones"
2397,"Vieux Farka Touré"
2398,"The Bleachers"
2399,"ScHoolboy Q"
2400,"Ben Harper"
2401,"Explosions in the Sky"
2402,"Carnal Savagery"
2403,"The Bad Plus"
2404,"Pink Martini"
2405,"Devin Townsend"
2406,"Al Stewart"
2407,"Black Veil Brides"
2408,"Ann Savoy"
2409,"Robin Trower"
2410,"Somnuri"
2411,"Graveyard"
2412,"Sir Chloe"
2413,"Freedy Johnston"
2414,"Rival Schools"
2415,"I Am"
2416,"Volbeat"
2417,"Wet Leg"
2418,"Kenny Rogers"
2419,"G&D"
2420,"Kansas"
2421,"Bill Withers"
2422,"Andrea Bocelli"
2423,"Motionless in White"
2424,"Jeff Beck"
2425,"Hades"
2426,"Overheard"
2427,"Rivers of Nihil"
2428,"Byard Lancaster"
2429,"Zucchero"
2430,"Son House"
2431,"Phantogram"
2432,"Sacred Reich"
2433,"Thee Marloes"
2434,"Sylvan Esso"
2435,"Mitch Ryder"
2436,"Holding Absence"
2437,"Sons of the East"
2438,"Benny the Butcher"
2439,"Blxst"
2440,"Eric Dolphy"
2441,"Rodrigo Amarante"
2442,"Nick Shoulders"
2443,"King! Hey"
2444,"Sergio Mendes"
2445,"Old Dominion"
2446,"Whitney"
2447,"Pistol Annies"
2448,"Obake"
2449,"Julia Jacklin"
2450,"Jason Isbell"
2451,"Anthrax"
2452,"Foo Fighters"
2453,"Mike Oldfield"
2454,"The Budos Band"
2455,"Disillusion"
2456,"Svartanatt"
2457,"Pete Tong"
2458,"Stinking Lizaveta"
2459,"The Gates of Slumber"
2460,"Chris Huelsbeck"
2461,"Chemical People"
2462,"Philippe Sarde"
2463,"Ghostface Killah"
2464,"New Skeletal Faces"
2465,"Dead Moon"
2466,"Alex Lore"
2467,"The Ocean Blue"
2468,"Mike Casey"
2469,"Pale Jay"
2470,"Chocolate Milk"
2471,"Charly Bliss"
2472,"Personal Trainer"
2473,"Tommy James"
2474,"the Shondells"
2475,"Gesaffelstein"
2476,"Skullflower"
2477,"X-Cops"
2478,"The Dillinger Escape Plan"
2479,"Iron Butterfly"
2480,"Utopia"
2481,"SQÜRL"
2482,"Cadence Weapon"
2483,"Red Garland Trio"
2484,"Deicide"
2485,"Lynks"
2486,"Reyna Tropical"
2487,"Bear McCreary"
2488,"Glitterer"
2489,"Apocalypse Hoboken"
2490,"Mother Mother"
2491,"Disasterpeace"
2492,"Ice-T"
2493,"The Miracles"
2494,"Kevin Drew"
2495,"Paula Cole"
2496,"Robert Calvert"
2497,"Rebecca Pidgeon"
2498,"The Rationals"
2499,"Bethlehem"
2500,"Claud"
2501,"Angelo De Augustine"
2502,"Khanate"
2503,"Kelly Clarkson"
2504,"B-Witched"
2505,"The National"
2506,"Hollywood Rose"
2507,"Narrow Head"
2508,"Mary J. Blige"
2509,"Asia"
2510,"Pinkshift"
2511,"Santigold"
2512,"Methods of Mayhem"
2513,"Mannequin Pussy"
2514,"Porcupine Tree"
2515,"N.E.R.D."
2516,"Joan Armatrading"
2517,"Lifetime"
2518,"Marco Beltrami"
2519,"Why Don't We"
2520,"Alfa Mist"
2521,"Tear Garden"
2522,"Parliament"
2523,"Wire"
2524,"Now Now"
2525,"Charlie Musselwhite"
2526,"Barbara Dane"
2527,"Ikebe Shakedown"
2528,"Coil"
2529,"Hugh Mundell"
2530,"Augustus Pablo"
2531,"Dan Croll"
2532,"Bear's Den"
2533,"Hareton Salvanini"
2534,"No Sinner"
2535,"Kaitlyn Aurelia Smith"
2536,"Rowland S. Howard"
2537,"Damaged Bug"
2538,"The Velvet Underground"
2539,"Eek-A-Mouse"
2540,"Grace Jones"
2541,"Motorhead"
2542,"William Elliott Whitmore"
2543,"Falcon"
2544,"Gogol Bordello"
2545,"The Hives"
2546,"Caspian"
2547,"Isaac Hayes"
2548,"Big Pun"
2549,"Nina Simone"
2550,"We Are Scientists"
2551,"Young MC"
2552,"Oneohtrix Point Never"
2553,"Big Boi"
2554,"Mikaela Davis"
2555,"Flora Yin Wong"
2556,"Alex Ubago"
2557,"Bike Routes"
2558,"Schammasch"
2559,"The Downliners Sect"
2560,"Clusterfux"
2561,"The Front Bottoms"
2562,"Cavetown"
2563,"Maneskin"
2564,"Visage"
2565,"Black Label Society"
2566,"Cypress Hill"
2567,"Effigies"
2568,"Vince Staples"
2569,"5 Seconds of Summer"
2570,"Black Eyed Peas"
2571,"Darkher"
2572,"Warren Zevon"
2573,"4 Skins"
2574,"Morpho"
2575,"Madi Diaz"
2576,"Unwound"
2577,"Everything But the Girl"
2578,"Chet Faker"
2579,"Seahawks"
2580,"Alvarius B"
2581,"Trio Ternura"
2582,"Blessed Madonna"
2583,"21 Savage"
2584,"Otep"
2585,"Fun."
2586,"Young Dolph"
2587,"Digital Underground"
2588,"Weather Report"
2589,"Barren Cross"
2590,"Simple Minds"
2591,"Ritual Servant"
2592,"Beborn Beton"
2593,"Caroline K"
2594,"Steve Martin"
2595,"Last Dinner Party"
2596,"Luis Miguel"
2597,"Eartheater"
2598,"Tremonti"
2599,"Crumb"
2600,"Tribe Called Quest"
2601,"Scott Walker"
2602,"Fairport Convention"
2603,"All For The King"
2604,"The FMs"
2605,"Ray Barretto"
2606,"The Slits"
2607,"Thomas Dolby"
2608,"Seal"
2609,"The Prog Collective"
2610,"The Donnas"
2611,"Emperor"
2612,"In Flames"
2613,"Glenn Miller"
2614,"Craig David"
2615,"Joe Henderson Featuring Alice Coltrane"
2616,"Spin Doctors"
2617,"Kings of Convenience"
2618,"Starwood"
2619,"Spaceheads"
2620,"Benjamin Schoos"
2621,"Agnes Jaoui"
2622,"Elderbrook"
2623,"Boney James"
2624,"Brandi Carlile"
2625,"Harrison Storm"
2626,"The Blue Stones"
2627,"Beth Gibbons"
2628,"Annie Lennox"
2629,"Nothing But Thieves"
2630,"The Clientele"
2631,"Our Girl"
2632,"Gavin DeGraw"
2633,"Jammin' Sam Miller"
2634,"VARIOUS TROLLS 3 ARTISTS"
2635,"Andy Shauf"
2636,"Woody Guthrie"
2637,"Joe Hisaishi"
2638,"Dilated Peoples"
2639,"John Legend"
2640,"Waylon Jennings"
2641,"Tess Parks"
2642,"Finneas"
2643,"The Jesus Lizard"
2644,"Afrika Bambaataa"
2645,"Soulsonic Force"
2646,"David Kilgour"
2647,"Doggyland"
2648,"The Walters"
2649,"Matt Maltese"
2650,"Madness"
2651,"The Pharcyde"
2652,"Turnpike Troubadours"
2653,"Grand Funk Railroad"
2654,"The Weakerthans"
2655,"Drive Like Jehu"
2656,"New Broadway Cast of Chicago the Musical (1997)"
2657,"The Wailin' Jennys"
2658,"Barenaked Ladies"
2659,"Flume"
2660,"Planes Mistaken for Stars"
2661,"The London Suede"
2662,"The Pogues"
2663,"Nikka Costa"
2664,"Mudvayne"
2665,"EVERYTHING EVERYWHERE ALL AT ONCE"
2666,"The Dip"
2667,"Bloodhound Gang"
2668,"Molchat Doma"
2669,"Run-Dmc"
2670,"LL Cool J"
2671,"Tracey Thorn"
2672,"The Stooges"
2673,"Mulatu Astatke"
2674,"Dream Trio"
2675,"Margo Price"
2676,"Peter Cat Recording Co."
2677,"The Get Up Kids"
2678,"Drew Holcomb"
2679,"the Neighbors"
2680,"Dr Teeth"
2681,"the Electric Mayhem"
2682,"INXS"
2683,"Wheatus"
2684,"The Thrills"
2685,"Advance Base"
2686,"Lamb of God"
2687,"KMD"
2688,"The Stone Roses"
2689,"Isoknock"
2690,"Bongzilla"
2691,"Nessa Barrett"
2692,"Harold Melvin"
2693,"Blue Notes"
2694,"Nemanja Radulovic"
2695,"Foster the People"
2696,"Chris Cornell"
2697,"Kyle Daniel"
2698,"The DIP"
2699,"Disturbed"
2700,"The 1975"
2701,"50 Cent"
2702,"Thurston Moore"
2703,"Thompson Twins"
2704,"Joe Strummer and the Mescaleros"
2705,"High School Musical Cast"
2706,"David Gray"
2707,"Question Mark"
2708,"Agent Orange"
2709,"Chris Cohen"
2710,"Delicate Steve"
2711,"Velvet Underground"
2712,"Nico"
2713,"Devilman"
2714,"Tony Bennett"
2715,"Soundtrack"
2716,"The Wonder Years"
2717,"The Clean"
2718,"Needtobreathe"
2719,"Chris Forsyth"
2720,"Gang Starr"
2721,"The High Llamas"
2722,"Jason and the 400 Unit Isbell"
2723,"Yussef Dayes"
2724,"Yasuaki Shimizu"
2725,"The Thermals"
2726,"HorrorPops"
2727,"Trapeze"
2728,"Galaxie 500"
2729,"Fathead"
2730,"Tad"
2731,"Say Anything"
2732,"Sierra Ferrell"
2733,"Baby Keem"
2734,"Donald Fagen"
2735,"Oh Hellos"
2736,"Alan Jackson"
2737,"Uncle Tupelo"
2738,"Mark Knopfler"
2739,"Drake"
2740,"K.M.D."
2741,"Partynextdoor"
2742,"Dave Pike Set"
2743,"Last Temptation"
2744,"Blake Neely"
2745,"Kelly Willis"
2746,"Gerry Mulligan"
2747,"Project Pat"
2748,"Southern Hospitality"
2749,"Dog Eat Dog"
2750,"Mei Semones"
2751,"Gojira"
2752,"Velvet Revolver"
2753,"Raveena"
2754,"Hiroshi Suzuki"
2755,"Giveon"
2756,"Chat Pile"
2757,"Twinkle"
2758,"Felix Henkelhausen"
2759,"Therapy?"
2760,"Mel Torme"
2761,"Roy Head"
2762,"Rival Sons"
2763,"Rolfe Kent"
2764,"Blondie"
2765,"Sleep"
2766,"Free"
2767,"C3zR"
2768,"Why the Eye"
2769,"Nicolas Michaux"
2770,"Loidis"
2771,"Vulcano"
2772,"Titan Force"
2773,"Witchfynde"
2774,"Smashing Times"
2775,"Capilla Ardiente"
2776,"Manilla Road"
2777,"The Cardinals"
2778,"Kenny Wayne Shepherd"
2779,"Dionne Warwick"
2780,"Katie Henry"
2781,"The Average White Band"
2782,"RuPaul Charles"
2783,"Renee Rapp"
2784,"Gang of Youths"
2785,"Sorority Noise"
2786,"Polvo"
2787,"Dave Matthews"
2788,"Maxwell"
2789,"Reigning Sound"
2790,"The Swell Season"
2791,"Julian Casablancas"
2792,"Negative Approach"
2793,"Hollow Ground"
2794,"The Starting Line"
2795,"Saâda Bonaire"
2796,"Po' Ramblin Boys"
2797,"Xymox"
2798,"Bernard Allison"
2799,"Pinkpantheress"
2800,"KC"
2801,"the Sunshine Band"
2802,"Nuggets"
2803,"PJ Morton"
2804,"Chief Keef"
2805,"Buzzcocks"
2806,"Shuggie Otis"
2807,"Janelle Monáe"
2808,"Galactic Cowboys"
2809,"Allegra Levy"
2810,"Mount Kimbie"
2811,"Etta James"
2812,"Delain"
2813,"Dan + Claudia Zanes"
2814,"UB40"
2815,"Nap Eyes"
2816,"Gang of Four"
2817,"Gel"
2818,"Pallbearer"
2819,"Tinlicker"
2820,"Matchbook Romance"
2821,"X."
2822,"Royal Thunder"
2823,"Mr Big"
2824,"Fallujah"
2825,"Curtis Mayfield"
2826,"Hieroglyphics"
2827,"Dylan"
2828,"The Dead"
2829,"Eric B"
2830,"Rakim"
2831,"Jaden Smith"
2832,"Scorpions"
2833,"Conor Oberst"
2834,"Various NOW Artists"
2835,"Asking Alexandria"
2836,"Bootsy Collins"
2837,"A.a. Williams"
2838,"Blink 182"
2839,"Bob Seger"
2840,"Robert Glasper"
2841,"Tarja"
2842,"The Girls"
2843,"Howlin Rain"
2844,"Des Demonas"
2845,"The Telescopes"
2846,"Hunger"
2847,"Charlie Megira"
2848,"Thee Sacred Souls"
2849,"The Head Cat"
2850,"Alluvial"
2851,"Frightwig"
2852,"Daniel Barenboim"
2853,"Pop Smoke"
2854,"Bacao Rhythm"
2855,"Steel Band"
2856,"Pedro the Lion"
2857,"Marianne Faithfull"
2858,"Owl City"
2859,"Fletcher"
2860,"Mustard Plug"
2861,"Celine Dion"
2862,"Johnny Hartman"
2863,"Tink"
2864,"Lee Perry Scratch"
2865,"Various Almost Famous Artists"
2866,"Tigers Jaw"
2867,"Mark Snow"
2868,"G-EAZY"
2869,"Cocteau Twins"
2870,"Miguel"
2871,"Wolfmother"
2872,"Vashti Bunyan"
2873,"Ratatat"
2874,"Lee Harris"
2875,"Mc Money"
2876,"Gangsta Gold"
2877,"Beat Masters"
2878,"Sussan Deyhim"
2879,"Naked Roommate"
2880,"David Oistrakh"
2881,"Ray Conniff"
2882,"Surfrajettes"
2883,"The Dandy Warhols"
2884,"Zolita"
2885,"TR/ST"
2886,"Ozric Tentacles"
2887,"88 Fingers Louie"
2888,"Labi Siffre"
2889,"Hum"
2890,"The Wombats"
2891,"Toby Keith"
2892,"Secret Machines"
2893,"Unwritten Law"
2894,"Marshall Crenshaw"
2895,"Braid"
2896,"R.B.L. Posse"
2897,"The Plains"
2898,"The Congos"
2899,"Teddy Pendergrass"
2900,"Summer Walker"
2901,"Youngboy Never Broke Again"
2902,"Pink Sweat$"
2903,"Lee Morgan"
2904,"Clipping."
2905,"N.E.R.D"
2906,"Voidz"
2907,"Anne-Sophie Mutter"
2908,"Wolf Parade"
2909,"Gary Numan"
2910,"Max Roach"
2911,"The Chambers Brothers"
2912,"Foghat"
2913,"Death"
2914,"Foudre!"
2915,"Menahan Street"
2916,"Cassie Ramone"
2917,"Fever 333"
2918,"Bob Sinclar"
2919,"Cortex"
2920,"Ensiferum"
2921,"Fairground Attraction"
2922,"Courettes"
2923,"Commodores"
2924,"Rain City Drive"
2925,"Roxette"
2926,"Aaron Frazer"
2927,"Darwin"
2928,"Softies"
2929,"The Early November"
2930,"The Magnetic Fields"
2931,"girl in red"
2932,"Betty Davis"
2933,"Britti"
2934,"The Vibrators"
2935,"Salt-N-Pepa"
2936,"Cranes"
2937,"The Dear Hunter"
2938,"Nate Dogg"
2939,"The Platters"
2940,"Nicki Minaj"
2941,"Fair to Midland"
2942,"Slow Pulp"
2943,"The Flying Burrito Brothers"
2944,"Midland"
2945,"Japan"
2946,"From Ashes to New"
2947,"Motivik"
2948,"I-Taweh"
2949,"Cyn"
2950,"Ernest"
2951,"Flat Black"
2952,"Zero 7"
2953,"The Bug Club"
2954,"Southall"
2955,"Hawkwind"
2956,"Serpentwithfeet"
2957,"D-Loc"
2958,"Modern Talking"
2959,"Cigarettes After Sex"
2960,"156/Silence"
2961,"Tycho"
2962,"Tim Armstrong"
2963,"Coco"
2964,"Clair Clair"
2965,"Coheed"
2966,"Cambria"
2967,"Slint"
2968,"Jennifer Lopez"
2969,"N-Sync"
2970,"Handsome Boy Modeling School"
2971,"Stuck Mojo"
2972,"Rufus Du Sol"
2973,"Project 86"
2974,"Rosalia"
2975,"Sofi Tukker"
2976,"Alexandra Savior"
2977,"Raekwon"
2978,"Leo Sayer"
2979,"Brett Eldredge"
2980,"Third Eye Blind"
2981,"Sugar"
2982,"The Equatics"
2983,"Christian Death"
2984,"Y.G."
2985,"X-Ray Spex"
2986,"Winger"
2987,"REO Speedwagon"
2988,"U"
2989,"Hunger Anthem"
2990,"Quiet Riot"
2991,"Daniel Pemberton"
2992,"Guster"
2993,"Enya"
2994,"Bauhaus"
2995,"Warsaw"
2996,"Grateful Dead"
2997,"Keith Sweat"
2998,"Son Lux"
2999,"Jakub Józef Orlinski"
3000,"D-a-D"
3001,"Scene Queen"
3002,"Madison Beer"
3003,"Thus Love"
3004,"Brenda Lee"
3005,"Double Trouble"
3006,"Blake Shelton"
3007,"Sunn 0)))"
3008,"Xterminator"
3009,"Suicidal Tendencies"
3010,"the Sniffers"
3011,"Patti Smith"
3012,"Kourosh Yaghmaei"
3013,"The Plot in You"
3014,"Juicy J"
3015,"Horse Jumper of Love"
3016,"Blind Pilot"
3017,"Van Zant"
3018,"Pastor T.L. Barrett"
3019,"Gin Blossoms"
3020,"Nena"
3021,"Victoria Monet"
3022,"Miley Cyrus"
3023,"The Callous Daoboys"
3024,"Janet Jackson"
3025,"Touche Amore"
3026,"Lil Uzi Vert"
3027,"The Blood Brothers"
3028,"HAIM"
3029,"Mumford"
3030,"Sons"
3031,"INTERRUPTERS"
3032,"Pig Destroyer"
3033,"Brian Setzer Orchestra"
3034,"Jessica Vosk"
3035,"Cannons"
3036,"Joe Harriott Quintet"
3037,"Christian Lee Hutson"
3038,"Vertical Horizon"
3039,"Cold"
3040,"Nik Turner"
3041,"Roberta Flack"
3042,"Booker T"
3043,"Mg's"
3044,"Lovage"
3045,"Earthless"
3046,"Dan Penn"
3047,"The Gaslight Anthem"
3048,"Lany"
3049,"Gram Parsons"
3050,"Bad Astronaut"
3051,"The Now"
3052,"Jackie Mittoo"
3053,"Eloy"
3054,"Cosmic Putrefaction"
3055,"Porridge Radio"
3056,"The Album Leaf"
3057,"Josh Freese"
3058,"Shuggie"
3059,"THE BLAZE"
3060,"Warrant"
3061,"The Outlaws"
3062,"Perry Como"
3063,"Lianne La Havas"
3064,"GWAR"
3065,"The Zombies"
3066,"St Vincent"
3067,"Roy Orbison"
3068,"Danny Brown"
3069,"Thirty Seconds to Mars"
3070,"Ngozi Family"
3071,"Ghostbusters"
3072,"Alison Krauss"
3073,"All"
3074,"Cormega"
3075,"Ne Obliviscaris"
3076,"King Jammy"
3077,"Elori Saxl"
3078,"Vanilla Ice"
3079,"Like Moths to Flames"
3080,"Brigitte Calls Me Baby"
3081,"Gavin Harrison"
3082,"Tony Rice"
3083,"Cotton Jones"
3084,"Pusha-T"
3085,"Muddy Waters"
3086,"Angel Olsen"
3087,"Ice Cube"
3088,"Helstar"
3089,"Mrcy"
3090,"Immortal Bird"
3091,"The Tragically Hip"
3092,"Take That"
3093,"Drake White"
3094,"King's X"
3095,"Kokoko"
3096,"Electric Callboy"
3097,"Aborted"
3098,"Fort Minor"
3099,"Falling in Reverse"
3100,"Thalia"
3101,"Beck Bogert"
3102,"Appice"
3103,"Duke Ellington"
3104,"Gunna"
3105,"War"
3106,"The Pretenders"
3107,"Old 97's"
3108,"Paul Dianno"
3109,"Azymuth"
3110,"Howlin' Wolf"
3111,"Church"
3112,"Metronomy"
3113,"Hot Water Music"
3114,"Forndom"
3115,"Jean-Luc Ponty"
3116,"Louis the Child"
3117,"Lync"
3118,"Little Moon"
3119,"Bishop Briggs"
3120,"Funeral Portrait"
3121,"The Black Dahlia Murder"
3122,"Lady Blackbird"
3123,"The Miles Davis Quintet"
3124,"Thievery Corporation"
3125,"MGK"
3126,"Trippie Redd"
3127,"LØLØ"
3128,"Luke Hemmings"
3129,"Helios Creed"
3130,"Alpha Wolf"
3131,"Air Supply"
3132,"Caskets"
3133,"the Wailers"
3134,"Frank Black"
3135,"the Catholics"
3136,"Plains"
3137,"Taking Back Sunday"
3138,"Karen Dalton"
3139,"New York Dolls"
3140,"Skip James"
3141,"Alvaro Diaz"
3142,"Gina G"
3143,"Cymande"
3144,"Another Taste"
3145,"Freedom Call"
3146,"The Chameleons"
3147,"Camera Obscura"
3148,"The Newlydeads"
3149,"Nathaniel Rateliff"
3150,"the Night Sweats"
3151,"JID feat. 21 Savage and Baby Tate"
3152,"Mary Timony"
3153,"Carlos Santana"
3154,"Worlds Greatest Audiophile Vocal Recordings Vol. 3"
3155,"Dog Slaughter Beach"
3156,"Conway the Machine"
3157,"T.S.O.L."
3158,"Swans"
3159,"Modern Lovers"
3160,"Colosseum"
3161,"Quinn Xcii"
3162,"Michael Nesmith"
3163,"The Flamingos"
3164,"Pharoah Sanders"
3165,"Solomon Burke"
3166,"Pusha T"
3167,"Kid Kapichi"
3168,"Phyllis Hyman"
3169,"Wardruna"
3170,"Willie Colon"
3171,"Michael Kiwanuka"
3172,"Generation X"
3173,"SteelDrivers"
3174,"Alina Baraz"
3175,"Immortal"
3176,"Arrested Development"
3177,"Sweetback"
3178,"Funkdoobiest"
3179,"Mild High Club"
3180,"Satyricon"
3181,"Starset"
3182,"Donny Hathaway"
3183,"Jeff Mangum"
3184,"Avett Brothers"
3185,"Funkadelic"
3186,"Titanic"
3187,"Idil Biret"
3188,"Old Forest"
3189,"Repuked"
3190,"Ploho"
3191,"The Ladybug Transistor"
3192,"Linval Thompson"
3193,"Stereophonics"
3194,"Oscar"
3195,"the Wolf"
3196,"Anthony Paule Soul Orchestra"
3197,"Discharge"
3198,"Miles Kennedy"
3199,"Steve Howe"
3200,"Kevin Ayers"
3201,"The Butthole Surfers"
3202,"Melt Banana"
3203,"Kingdom of Giants"
3204,"ENHYPEN"
3205,"Lionheart"
3206,"Boygenius"
3207,"Bobcat Goldthwait"
3208,"Otto Klemperer"
3209,"Authority Zero"
3210,"Ann-Margret"
3211,"Blitzkrieg"
3212,"Syd Barrett"
3213,"Scott Weiland"
3214,"Belle"
3215,"Voivod"
3216,"Ike"
3217,"Our Lady Peace"
3218,"Julien Baker"
3219,"Osees"
3220,"Migos"
3221,"Ryan Bingham"
3222,"Locust"
3223,"Francoise Fabian"
3224,"Alva Noto"
3225,"Idlewild"
3226,"Squint"
3227,"Blood Cultures"
3228,"Original Cast Recording"
3229,"Zetra"
3230,"Boundaries"
3231,"St Germain"
3232,"Rock Steady"
3233,"Sheena Easton"
3234,"Steve Cropper"
3235,"The Midnight Hour"
3236,"Abusements"
3237,"White Noise"
3238,"Star Stunted II"
3239,"Kiely Connell"
3240,"Arthur Adams"
3241,"Pat Todd"
3242,"the Rankoutsiders"
3243,"Members"
3244,"Eramus Hall"
3245,"Death Angel"
3246,"Killswitch Engage"
3247,"Pete Townshend"
3248,"Derya Yildirim"
3249,"Juan Almeida"
3250,"Daughtry"
3251,"the Bluesbreakers"
3252,"Billy Ocean"
3253,"Joan as Police Woman"
3254,"Jutta Hipp"
3255,"Atticus Ross"
3256,"LP"
3257,"Powerwolf"
3258,"Dug Pinnick"
3259,"John Wright"
3260,"Asteroid No. 4"
3261,"Sega Bodega"
3262,"Lenny Kravitz"
3263,"Ricky Martin"
3264,"Kitchen Dwellers"
3265,"Ben Quad"
3266,"The Used"
3267,"While She Sleeps"
3268,"Sisters of Your Sunshine Vapor"
3269,"Ultramagnetic MC's"
3270,"Mama Zu"
3271,"Curren$y"
3272,"Children of Bodom"
3273,"Nelly Furtado"
3274,"Sarah Chang"
3275,"Local Natives"
3276,"Pauline Anna Strom"
3277,"Grinder's Switch"
3278,"Modern Nature"
3279,"Sigur Ros"
3280,"The Carter Family"
3281,"Nik Sphynx Turner's"
3282,"Lifeguard"
3283,"Tyshawn Sorey Trio"
3284,"Symphony X"
3285,"Rob Ickes"
3286,"Trey Hensley"
3287,"Ava Max"
3288,"Scolohofo"
3289,"Rick Wakeman"
3290,"The Restless"
3291,"Good Morning"
3292,"Psychedelic Porn Crumpets"
3293,"Edgar Froese"
3294,"Cast of Mamma Mia! the Movie"
3295,"Big Sean"
3296,"Billy Talent"
3297,"Omega"
3298,"Little Big Town"
3299,"Jackie Shane"
3300,"Leisure"
3301,"Mike Posner"
3302,"Charlie Quintet Parker"
3303,"Louis Armstrong"
3304,"Jeff Goldblum"
3305,"the Mildred Snitzer Orchestra"
3306,"Steve Miller"
3307,"Liz Phair"
3308,"The Afghan Whigs"
3309,"Faith No More"
3310,"Andra Day"
3311,"American Aquarium"
3312,"Jacques Dutronc"
3313,"Cerrone"
3314,"Budgie"
3315,"Yeasayer"
3316,"Transport League"
3317,"Twitching Tongues"
3318,"Above"
3319,"Beyond"
3320,"Young Hasselhoffs"
3321,"Haley"
3322,"Crushers"
3323,"Tinkertown"
3324,"Oddisee"
3325,"Fats Domino"
3326,"Geri Allen"
3327,"Al Jarreau"
3328,"NDR Bigband"
3329,"Tribulation"
3330,"Sathanas"
3331,"Dua Saleh"
3332,"Metal Church"
3333,"Dave Edmunds"
3334,"Cody Jinks"
3335,"Mayhemic"
3336,"Black Artist Group"
3337,"Gurriers"
3338,"Denitia"
3339,"Chantal Chamberland"
3340,"Duke Robillard"
3341,"Electric Light Orchestra Part 2"
3342,"Carter the Unstoppable Sex Machine"
3343,"Kite"
3344,"Martin Denny"
3345,"Errorr"
3346,"Die Krupps"
3347,"Don Glori"
3348,"Rapsody"
3349,"Leyla McCalla"
3350,"Battlecross"
3351,"Larry Fleet"
3352,"Chaka Khan"
3353,"Jose Perales Luis"
3354,"Curve"
3355,"Kula Shaker"
3356,"Elijah Wolf"
3357,"Lil Tecca"
3358,"The Trews"
3359,"Bruce Haack"
3360,"Michael Mayer"
3361,"Beardfish"
3362,"Loose Cattle"
3363,"Archie Shepp Quartet featuring Annette Lowman"
3364,"Gold Connections"
3365,"Storm Corrosion"
3366,"JD Simo"
3367,"Luther Dickinson"
3368,"Jade Hairpins"
3369,"The BellRays"
3370,"Drop Nineteens"
3371,"Bobby Bland"
3372,"Axe"
3373,"Xmal Deutschland"
3374,"Freddie King"
3375,"The Counts"
3376,"The Reverend Horton Heat"
3377,"Chastity Belt"
3378,"C. Tangana"
3379,"The Acacia Strain"
3380,"Cesaria Evora"
3381,"Homeshake"
3382,"Nora Brown"
3383,"The Halo Benders"
3384,"Bohren"
3385,"der Club of Gore"
3386,"The Brother Brothers"
3387,"Blanco White"
3388,"Jolie Holland"
3389,"Big Star"
3390,"Del McCoury"
3391,"Tim Maia"
3392,"Mike"
3393,"Sunny"
3394,"the Sunliners"
3395,"Mike Krol"
3396,"Foals"
3397,"Courtney Barnett"
3398,"Art Farmer"
3399,"M. Ward"
3400,"Taste"
3401,"Shovels"
3402,"Rope"
3403,"Sonics"
3404,"Opprobrium"
3405,"Laura Karpman"
3406,"Catherine Christer Hennix"
3407,"The Other Half"
3408,"Gravel Springs"
3409,"King's Singers"
3410,"Phil Ranelin"
3411,"Jakob Dylan"
3412,"Mayday Parade"
3413,"Jeris Johnson"
3414,"Green Lung"
3415,"Empire of the Sun"
3416,"Cassandra Jenkins"
3417,"94 East"
3418,"Empress Of"
3419,"Quannnic"
3420,"The Driver Era"
3421,"Brittany Howard"
3422,"The Vaselines"
3423,"Omar Apollo"
3424,"Boy"
3425,"Bear"
3426,"Astrud Gilberto"
3427,"Sofiane Pamart"
3428,"Sextile"
3429,"TV Eye"
3430,"Grandmaster Flash"
3431,"the Furious Five"
3432,"Being Dead"
3433,"Poptone"
3434,"Joe Emerson"
3435,"Low Roar"
3436,"Juice Newton"
3437,"Mark Morrison"
3438,"Stone Sour"
3439,"First Aid Kit"
3440,"Hollie Cook"
3441,"Deerhunter"
3442,"Filter"
3443,"Mad at the World"
3444,"Berlin"
3445,"Daphne Guinness"
3446,"So Soon"
3447,"Samuel Ljungblahd"
3448,"Sodom"
3449,"Marcos Valle"
3450,"The Proclaimers"
3451,"Moggs Motel"
3452,"Black Thought"
3453,"Jamiroquai"
3454,"Grave Digger"
3455,"Black Rebel Motorcycle Club"
3456,"Halford"
3457,"Roy Woods"
3458,"Astor Piazzolla"
3459,"Kid Laroi"
3460,"Stephen Sondheim"
3461,"Overkill"
3462,"Guru"
3463,"Bill Evans Trio"
3464,"Pino Donaggio"
3465,"The Nothing"
3466,"Ron Carter"
3467,"Benny Golson"
3468,"Andy Statman"
3469,"Warren Ellis"
3470,"Prince Alla"
3471,"Maytals"
3472,"Morrissey"
3473,"Luci"
3474,"Jeff Wayne"
3475,"Philip Glass"
3476,"Dying Wish"
3477,"Molly Tuttle"
3478,"Discovery"
3479,"Anthony Green"
3480,"The Linda Lindas"
3481,"Edith Piaf"
3482,"Macy Gray"
3483,"Jag Panzer"
3484,"Paragon"
3485,"Sun Ra Arkestra"
3486,"1000Mods"
3487,"Vicious Blade"
3488,"Jaubi"
3489,"Lloyd Banks"
3490,"Bettye Swann"
3491,"Black Oak Arkansas"
3492,"Jarabe de Palo"
3493,"Today Was Yesterday"
3494,"Young Thug"
3495,"Earth, Wind"
3496,"Yeat"
3497,"Hot Hot Heat"
3498,"Fun Lovin' Criminals"
3499,"Jeremiah Fraites"
3500,"Four Tet"
3501,"The Distillers"
3502,"Willow"
3503,"Adam Lambert"
3504,"Bruno Major"
3505,"The Appleseed Cast"
3506,"Illenium"
3507,"Sigrid"
3508,"Lambchop"
3509,"Bear Mountain"
3510,"Lindi Ortega"
3511,"Arthur Russell"
3512,"Malediction"
3513,"Krzysztof Komeda"
3514,"Mouse on Mars"
3515,"REO Classics Band"
3516,"Electric Frankenstein"
3517,"Black Rain"
3518,"The Byrds"
3519,"Leifur James"
3520,"Shawty Pimp"
3521,"Mc Spade"
3522,"The Oak Ridge Boys"
3523,"Boobie Knight"
3524,"The Universal Lady"
3525,"Marcin"
3526,"Johnny Marr"
3527,"Ekkstacy"
3528,"There Is No Us"
3529,"Geddy Lee"
3530,"Blitzen Trapper"
3531,"Willie Colón and Hector Lavoe"
3532,"Kodak Black"
3533,"Jose Jose"
3534,"Boyce"
3535,"Hart"
3536,"Yugo Kanno"
3537,"Doctor Who"
3538,"Corpus Delicti"
3539,"Lucero"
3540,"Maserati"
3541,"Bill Kirchen"
3542,"Spacemen 3"
3543,"FIDLAR"
3544,"Lisa Gerrard"
3545,"Daran"
3546,"Merce Lemon"
3547,"Nubya Garcia"
3548,"Clone"
3549,"Zeal"
3550,"Ardor"
3551,"Dasha"
3552,"Swami John Reis"
3553,"Elijah Blake"
3554,"Mourning Noise"
3555,"The Cimarons"
3556,"Alejandro Escovedo"
3557,"Das Damen"
3558,"Varukers"
3559,"Tonight Alive"
3560,"Zac Brown Band"
3561,"Mary Lattimore"
3562,"The Coral"
3563,"Jorma Kaukonen"
3564,"August Burns Red"
3565,"Various Elvis (Original Soundtrack) Artists"
3566,"Theon Cross"
3567,"Andrew Lloyd Webber"
3568,"My Morning Jacket"
3569,"Currensy"
3570,"Curtis Amy"
3571,"Yungblud"
3572,"Jonny Greenwood"
3573,"3 Doors Down"
3574,"Pianos Become the Teeth"
3575,"JJ Grey"
3576,"Silversun Pickups"
3577,"Parsley Sound"
3578,"Felicia Atkinson"
3579,"Airiel"
3580,"Starbuck"
3581,"America"
3582,"Arooj Aftab"
3583,"Sam Gendel"
3584,"B-Movie"
3585,"Alex Jordan"
3586,"Rosali"
3587,"Hank Williams"
3588,"Weird Al Yankovic"
3589,"Vangelis"
3590,"Këkht Aräkh"
3591,"Missy Elliott"
3592,"Neil Diamond"
3593,"Rob Thomas"
3594,"The Pillows"
3595,"Golden Highway"
3596,"Portugal the Man"
3597,"Blackalicious"
3598,"The O'Jays"
3599,"Too $hort"
3600,"Lord Finesse"
3601,"Los Rodriguez"
3602,"I Dont Know How But They Found"
3603,"Del tha Funkee Homosapien"
3604,"Pup"
3605,"The Feelies"
3606,"Ankhlejohn"
3607,"Wonk Unit"
3608,"Love Ghost"
3609,"Skold"
3610,"Edge of Sanity"
3611,"Chaos Invocation"
3612,"Shower Curtain"
3613,"Sisterhood"
3614,"Dehd"
3615,"Johann Strauss Orchestra Netherlands"
3616,"Masta Ace"
3617,"Marco Polo"
3618,"Ini Kamoze"
3619,"Thundercat"
3620,"A Day to Remember"
3621,"Easy Star All Stars"
3622,"Human Code"
3623,"Toyah"
3624,"Le Nuove Musiche"
3625,"Joe Pass"
3626,"Babyshambles"
3627,"Six"
3628,"Francis Lai"
3629,"Young the Giant"
3630,"O Terno"
3631,"Social Unrest"
3632,"Collective Soul"
3633,"Lifehouse"
3634,"Palehound"
3635,"Flock of Seagulls"
3636,"Stella"
3637,"Bob James"
3638,"Quicksand"
3639,"The Interrupters"
3640,"Jefferson Airplane"
3641,"Suzi Quatro"
3642,"The Verve"
3643,"Charles Bradley"
3644,"Yo La Tengo"
3645,"Toy Dolls"
3646,"Ellen Reid"
3647,"Jennifer Castle"
3648,"The Prodigal"
3649,"Microwave"
3650,"Kate Pierson"
3651,"Native Harrow"
3652,"Ricardo Arjona"
3653,"T2"
3654,"Living Colour"
3655,"Matmos"
3656,"Angel Witch"
3657,"Extreme"
3658,"Thank You Scientist"
3659,"Cynthia Erivo"
3660,"Jacob Banks"
3661,"Las Palabras"
3662,"The Gatekeepers"
3663,"Miracle of Sound"
3664,"Friedberg"
3665,"Joy Buzzer"
3666,"The Zeros"
3667,"The Stranglers"
3668,"Darius Jones"
3669,"Margo Guryan"
3670,"Wishy"
3671,"Boulevards"
3672,"Into It. Over It."
3673,"Ghost Hounds"
3674,"Huey Lewis and the News"
3675,"Marty Stuart"
3676,"His Fabulous Superlatives"
3677,"En Vogue"
3678,"Cardi B"
3679,"Serge Gainsbourg"
3680,"Arvo Part"
3681,"Kid Rock"
3682,"My Dying Bride"
3683,"Exhorder"
3684,"Jennifer Warnes"
3685,"Siouxsie and the Banshees"
3686,"Ghalia Volt"
3687,"The Monkees"
3688,"The Kinks"
3689,"Playradioplay"
3690,"New Street Adventure"
3691,"Cody Dickinson"
3692,"Nipsey Hussle"
3693,"Crosby Stills Nash"
3694,"Young"
3695,"Paloma Faith"
3696,"Skull Snaps"
3697,"The Breeders"
3698,"Grimes"
3699,"Avishai Cohen"
3700,"The Three Tenors"
3701,"Polaris"
3702,"Blue Stones"
3703,"Borns"
3704,"Minor Threat"
3705,"Yoshio Ojima"
3706,"Tankard"
3707,"The Cowsills"
3708,"Yoshiko Sai"
3709,"Bat"
3710,"Joe Diffie"
3711,"Simple Plan"
3712,"Jets to Brazil"
3713,"Love"
3714,"Blind Faith"
3715,"matt pond PA"
3716,"Jackson Dean"
3717,"Good Kid"
3718,"Pharrell"
3719,"Florence"
3720,"Machine"
3721,"Chevelle"
3722,"The Brand New Heavies"
3723,"Team Sleep"
3724,"King Von"
3725,"Icarus Witch"
3726,"Tommy Emmanuel"
3727,"The Format"
3728,"Emmylou Harris"
3729,"Metric"
3730,"Mr. Hyde"
3731,"Cherie Rain"
3732,"Richie Sambora"
3733,"Slaughter"
3734,"the Dogs"
3735,"CocoRosie"
3736,"Ciara"
3737,"Dummy"
3738,"Together Pangea"
3739,"Allan Holdsworth"
3740,"Duncan Dhu"
3741,"Kraftwelt"
3742,"La Roux"
3743,"Queen Latifah"
3744,"Hobo Johnson"
3745,"Trivium"
3746,"Yellow Magic Orchestra"
3747,"Arcs"
3748,"Mike Watt"
3749,"Rumble"
3750,"Lily Seabird"
3751,"Sarah Neufeld"
3752,"Sharon Revoal"
3753,"Tommy Bolin"
3754,"Karen O"
3755,"Smino"
3756,"Provoker"
3757,"Mike Martt"
3758,"Dokken"
3759,"Nashville Pussy"
3760,"Momma"
3761,"Creed"
3762,"Rina Sawayama"
3763,"Mark Tremonti"
3764,"Crosses"
3765,"Captain Beyond"
3766,"Keith Hudson"
3767,"Grails"
3768,"Woods"
3769,"Cian Ducrot"
3770,"Brian May + Friends"
3771,"Sx-10"
3772,"Bilal"
3773,"Fireboy DMI"
3774,"Nf"
3775,"Neal Acree"
3776,"Sanguisugabogg"
3777,"Redveil"
3778,"Emma Ruth Rundle"
3779,"Danger Danger"
3780,"Nova Twins"
3781,"Harold Budd"
3782,"David Crosby"
3783,"Blue Stingrays"
3784,"Jimmie Vaughan"
3785,"Ray LaMontagne"
3786,"Lonnie Smith Liston"
3787,"the Cosmic Echoes"
3788,"Los Lobos"
3789,"VR SEX"
3790,"Roc Marciano"
3791,"Urge Overkill"
3792,"The Sidekicks"
3793,"Merciless"
3794,"Ginnifer Goodwin"
3795,"The Last Shadow Puppets"
3796,"Carroll"
3797,"N.W.A."
3798,"Wasp"
3799,"Tove Lo"
3800,"Bob Mould"
3801,"Henry Mancini"
3802,"Brother Ali"
3803,"Hound Dog Taylor"
3804,"Stereolab"
3805,"P.P. Arnold"
3806,"One Morning Left"
3807,"Patrick Shiroishi"
3808,"Music Makers"
3809,"Primates"
3810,"Place to Bury Strangers"
3811,"Jamestown Revival"
3812,"Dean Lewis"
3813,"Barbra Streisand"
3814,"Nina Nesbitt"
3815,"Alan Sparhawk"
3816,"Winterfylleth"
3817,"LSD  (Labrinth, Sia and Diplo)"
3818,"Alex Lifeson"
3819,"Rockabye Baby!"
3820,"The Story So Far"
3821,"Jascha Heifetz"
3822,"Saul"
3823,"Danielle Dax"
3824,"Hot Freaks"
3825,"Woody Shaw"
3826,"Anna st. Louis"
3827,"Brothers Johnson"
3828,"Mat Kerekes"
3829,"Don Broco"
3830,"Randy Newman"
3831,"Rosie Tucker"
3832,"Eshkeri  Umebayashi"
3833,"Zakk Sabbath"
3834,"I Dont Know How But They Found Me"
3835,"the 400 Unit"
3836,"Glass Beach"
3837,"Terence Trent D'Arby"
3838,"Blacktop Mojo"
3839,"Frights"
3840,"Cornelia Murr"
3841,"Madvillain"
3842,"Alex G"
3843,"Cold War Kids"
3844,"Delta Spirit"
3845,"Broken Bells"
3846,"Michael Hurley"
3847,"The Seventh Power"
3848,"Genesis Owusu"
3849,"Mefitis"
3850,"Hoodna Orchestra"
3851,"Will Clarke"
3852,"Otis Spann"
3853,"Stick In The Wheel"
3854,"Survivor"
3855,"Scouting for Girls"
3856,"Page McConnell"
3857,"Trey Anastasio"
3858,"Dark Tranquillity"
3859,"Chicks"
3860,"Fred Schneider"
3861,"The Superions"
3862,"The Dope"
3863,"PORTER ROBINSON"
3864,"Within Silence"
3865,"Yoko Takahashi"
3866,"Megumi Hayashibara"
3867,"Andrew Scott Bell"
3868,"mgk"
3869,"Better Oblivion Community Center"
3870,"Sarah Klang"
3871,"The Motet"
3872,"Odesza"
3873,"Nachtmystium"
3874,"Vacations"
3875,"Sweet Trip"
3876,"The Backfires"
3877,"Boys Life"
3878,"Archive"
3879,"Gladys Knight"
3880,"the Pips"
3881,"Feeble Little Horse"
3882,"Jagged Baptist Club"
3883,"Dora Morelenbaum"
3884,"Wilson Arms"
3885,"Current Joys"
3886,"Yefim Bronfman"
3887,"Steven Spielberg"
3888,"Dawes"
3889,"the Vanguard"
3890,"Currents"
3891,"Afroman"
3892,"Preservation Brass"
3893,"Rebirth Brass Band"
3894,"Caroline Shaw"
3895,"J Cole"
3896,"Rob Simonsen"
3897,"Bud Shank"
3898,"Roy ( Roy Hargrove's Crisol ) Hargrove"
3899,"Everlast"
3900,"Jill Scott"
3901,"The Promise Ring"
3902,"Hawthorne Heights"
3903,"Peelingflesh"
3904,"Eradicator"
3905,"Ken Boothe"
3906,"Jerron Paxton"
3907,"Houndmouth"
3908,"Kill Devil Hill"
3909,"Vs Self"
3910,"Jordana"
3911,"Between You"
3912,"Me"
3913,"Art Blakey and The Jazz Messengers"
3914,"Cursive"
3915,"Doobie Brothers"
3916,"Dance Gavin Dance"
3917,"Fuming Mouth"
3918,"As I Lay Dying"
3919,"In Hearts Wake"
3920,"Tha Dogg Pound"
3921,"Saxon"
3922,"Micah Thomas"
3923,"The Dead Daisies"
3924,"Nathalie Stutzmann"
3925,"Infectious Grooves"
3926,"The Ghost"
3927,"Pond"
3928,"Me First and the Gimme Gimmes"
3929,"John Entwistle"
3930,"Scotty McCreery"
3931,"Pixel Grip"
3932,"Steve Morse"
3933,"Majesty Crush"
3934,"Odetta Hartman"
3935,"BlackHawk"
3936,"Hannah Georgas"
3937,"Reagan Youth"
3938,"88Rising"
3939,"Pressing Strings"
3940,"Atheist"
3941,"Albert Hammond Jr."
3942,"Dorothy Ashby"
3943,"Stephen Stills"
3944,"The Cast of Roald Dahl's Matilda The Musical"
3945,"Anton Lavey"
3946,"Gary Band Moore"
3947,"Disney Peaceful Piano"
3948,"Wiz Khalifa"
3949,"Don Williams"
3950,"Kane Brown"
3951,"Harmless"
3952,"Aqua"
3953,"Kokoroko"
3954,"Beirut"
3955,"Ian Carr"
3956,"Misterwives"
3957,"Baroness"
3958,"Alborosie"
3959,"Lightnin' Hopkins"
3960,"Dan Auerbach"
3961,"Jacqueline du Pré"
3962,"Silvio Rodriguez"
3963,"Harrison"
3964,"The Frames"
3965,"Ulcerate"
3966,"Orgone"
3967,"Ryan Hemsworth"
3968,"Men at Work"
3969,"The Wailing Souls"
3970,"Os Mutantes"
3971,"Hail Mary Mallon"
3972,"Bl'Ast"
3973,"Plateau"
3974,"Peter Daltrey"
3975,"Roots Manuva"
3976,"The Fleshtones"
3977,"Glare"
3978,"Fashion Club"
3979,"Righteous Rooster"
3980,"Kurious"
3981,"The dB's"
3982,"Benjamin Tod"
3983,"Ashley Henry"
3984,"Unto Others"
3985,"Mermaid Chunky"
3986,"The Golden Gate"
3987,"Tasha"
3988,"Original Cast of Illinoise: A New Musical"
3989,"Tim Montana"
3990,"Billy Currington"
3991,"Jxdn"
3992,"Spooky Tooth"
3993,"The Fabulous Thunderbirds"
3994,"Lee Aaron"
3995,"Metro Station"
3996,"The Avett Brothers"
3997,"Corrupted Ideals"
3998,"Calvin Arnold"
3999,"Knox"
4000,"Black Box Recorder"
4001,"Jackie Wilson"
4002,"The Hillbilly Moon Explosion"
4003,"John R Miller"
4004,"Peter Green"
4005,"The Anix"
4006,"Skid Row"
4007,"Catherine Wheel"
4008,"Birdy"
4009,"The Sinclairs"
4010,"Illuminati Hotties"
4011,"Soul Coughing"
4012,"Beat Happening"
4013,"The Lone Bellow"
4014,"Paper Route Empire"
4015,"Carson McHone"
4016,"Don Henley"
4017,"James Blunt"
4018,"Scissor Sisters"
4019,"Jordan Rudess"
4020,"Carole Bayer Sager Sager"
4021,"Sonsombre"
4022,"Lizzy McAlpine"
4023,"Slash"
4024,"Eric Bibb"
4025,"Paysage D'Hiver"
4026,"Dreamend"
4027,"Basically Nancy"
4028,"Jimmy Reed"
4029,"Julianna Barwick"
4030,"Benediction"
4031,"Cordae"
4032,"Selena"
4033,"Mad Season"
4034,"Out Of/Into"
4035,"Eater"
4036,"The Internet"
4037,"Malevolence"
4038,"Don Louis"
4039,"Alexandre Tharaud"
4040,"Lil Dicky"
4041,"Brand Nubian"
4042,"Alycia Lang"
4043,"Harley Poe"
4044,"Free Nationals"
4045,"Five for Fighting"
4046,"Placebo"
4047,"Jungle"
4048,"John Lodge"
4049,"Stan Kenton"
4050,"Woody Herman"
4051,"Jon Hendricks"
4052,"Joey McIntyre"
4053,"Khalid"
4054,"Conan Gray"
4055,"Salvator Dragatto"
4056,"ATEEZ"
4057,"Spiritbox"
4058,"Periphery"
4059,"Shigeto"
4060,"Roge"
4061,"3rd Bass"
4062,"Poolside"
4063,"Deluxe"
4064,"Midge Ure"
4065,"The Neighbourhood"
4066,"Jack Kerouac"
4067,"Gustav Mahler"
4068,"Augustin Hadelich"
4069,"Holidelic"
4070,"Sid Griffin"
4071,"Chase Petra"
4072,"The Highwaymen"
4073,"Perla Batalla"
4074,"Meghan Trainor"
4075,"Jurassic 5"
4076,"White Zombie"
4077,"Twisted Sister"
4078,"Jennifer Hudson"
4079,"Saves the Day"
4080,"Divine Fits"
4081,"Will Sessions"
4082,"Najoua Belyzel"
4083,"The Last Resort"
4084,"Chikiss"
4085,"Campus Christy"
4086,"Blackevil"
4087,"Carry-on Band"
4088,"Tombstones in Their Eyes"
4089,"W. H. Lung"
4090,"Papa M"
4091,"Screaming Females"
4092,"Shed Seven"
4093,"Edward Simon"
4094,"Miss May I"
4095,"Entheos"
4096,"Cloud Nothings"
4097,"Iris DeMent"
4098,"Q-Tip"
4099,"Jon Benjamin"
4100,"Real Life"
4101,"Void Of Vision"
4102,"Alora Crucible"
4103,"Alaska Y Dinarama"
4104,"Alejandro Fernandez"
4105,"Pale Waves"
4106,"Browbeats"
4107,"Erroll Garner"
4108,"Rebecca Frazier"
4109,"Alan Davey’s Psychedelic Warlords"
4110,"The American Analog Set"
4111,"The Idle Race"
4112,"Eddie Bo"
4113,"The Hooten Hallers"
4114,"State Faults"
4115,"Weldon Irvine"
4116,"Ahmad Jamal Trio"
4117,"Joe Jackson"
4118,"Tre Lux"
4119,"Warlord"
4120,"Botanist"
4121,"HEALTH"
4122,"Morcheeba"
4123,"Coalesce"
4124,"Bernie Worrell"
4125,"Vanessa Fernandez"
4126,"The Great Kat"
4127,"Toumani Diabaté"
4128,"Skeletal Remains"
4129,"Laetitia Sadier"
4130,"Mansionz"
4131,"Il Divo"
4132,"Taylor McCall"
4133,"Black Grape"
4134,"The Darling Buds"
4135,"Slift"
4136,"The 90 Day Men"
4137,"Trevor Horn"
4138,"Guadalcanal Diary"
4139,"Robbie Robertson"
4140,"Martin Barre"
4141,"Milford Graves"
4142,"John Farnham"
4143,"The Rapture"
4144,"Alex Chilton"
4145,"Flyte"
4146,"The Cadillac Three"
4147,"Louise Post"
4148,"Ernie Adams"
4149,"Miho Hazama"
4150,"Shelly Manne"
4151,"His Friends"
4152,"Domkraft"
4153,"Sol Invictus"
4154,"Becca Mancari"
4155,"Jaguar"
4156,"Frozen Soul"
4157,"Mighty Poplar"
4158,"10cc"
4159,"Bush"
4160,"FM"
4161,"Joe Turner"
4162,"Demon Hunter"
4163,"Toy Matinee"
4164,"Cobra Starship"
4165,"Majid Jordan"
4166,"Northlane"
4167,"Me'Shell Ndegeocello"
4168,"Brahms"
4169,"Screamin' Jay Hawkins"
4170,"Hayes Carll"
4171,"Angels"
4172,"Airwaves"
4173,"The Milk Carton Kids"
4174,"Little Barrie"
4175,"Malcolm Catto"
4176,"Wishbone Ash"
4177,"The Go-Go's"
4178,"Polyrhythmics"
4179,"Desmond Dekker"
4180,"Jeff Lynne's ELO"
4181,"XTC as Dukes of the Stratosphere"
4182,"Hitsville"
4183,"Sun Kil Moon"
4184,"mewithoutYou"
4185,"Tyler Bates"
4186,"Du Pre, Jacqueline"
4187,"Mobb Deep"
4188,"Parquet Courts"
4189,"Mark Lanegan"
4190,"Ornette Coleman"
4191,"Rick Ross"
4192,"Oingo Boingo"
4193,"Chris Isaak"
4194,"Jazmine Sullivan"
4195,"Greta Van Fleet"
4196,"JJ Doom"
4197,"Razorlight"
4198,"Gatecreeper"
4199,"Yonder Mountain String Band"
4200,"Flogging Molly"
4201,"Gary Reverend Davis"
4202,"Carlo Maria Giulini"
4203,"Eddie Perfect"
4204,"Eden"
4205,"Television"
4206,"Metro Boomin"
4207,"Morphine"
4208,"Helix"
4209,"Kathleen Edwards"
4210,"Ray"
4211,"His Court"
4212,"Guru Guru"
4213,"Mr T Experience"
4214,"Deltron 3030"
4215,"Karol G"
4216,"Tate McRae"
4217,"Astral Doors"
4218,"Cane Hill"
4219,"Meridian Brothers"
4220,"Randy Rogers Band"
4221,"T-Pain"
4222,"Leftöver Crack"
4223,"Coleman Hawkins"
4224,"Concrete Blonde"
4225,"Traffic"
4226,"Eazy-E"
4227,"Powerman 5000"
4228,"Counterparts"
4229,"Kings Never Die"
4230,"Mf Doom"
4231,"Harry Connick Jr"
4232,"Pascal Obispo"
4233,"Spear of Destiny"
4234,"Dead Icarus"
4235,"Asake"
4236,"38 Spesh"
4237,"Billy Strings"
4238,"Hot Tuna"
4239,"Brad Mehldau"
4240,"Emerson, Lake"
4241,"Palmer"
4242,"Mardi Gras in New Orleans"
4243,"Russian Circles"
4244,"Brian Fallon"
4245,"Randy Rogers"
4246,"Shannon and the Clams"
4247,"Ex Hex"
4248,"Greensky Bluegrass"
4249,"Sinoia Caves"
4250,"Los Saicos"
4251,"Gary Moore"
4252,"Jamey Johnson"
4253,"Real Estate"
4254,"Com Truise"
4255,"Fred McDowell"
4256,"M.I.A."
4257,"Barrington Levy"
4258,"Okkervil River"
4259,"Freddie McGregor"
4260,"Ruth Goller"
4261,"Anorak"
4262,"Louis Sclavis"
4263,"Nomade Orquestra"
4264,"Daniel Majer"
4265,"LICE"
4266,"Pinsel"
4267,"Memotone"
4268,"Kmru"
4269,"Trust Fund"
4270,"Patricia Kaas"
4271,"The Dells"
4272,"Cocktail Slippers"
4273,"Winter Family"
4274,"Luke Sanger"
4275,"Sessa"
4276,"Wild Pink"
4277,"Half Waif"
4278,"Hugo Largo"
4279,"Psychlona"
4280,"Peter Bernstein"
4281,"Tom Walker"
4282,"Rogers"
4283,"Butler"
4284,"Gene and the Three Sounds Harris"
4285,"The Circle Jerks"
4286,"Rosie Lowe"
4287,"Randy Rose"
4288,"Johnny Pacheco"
4289,"Indigo De Souza"
4290,"Floating Points"
4291,"Mausoleum"
4292,"Vincent Price"
4293,"Syteria"
4294,"Uniform"
4295,"Katseye"
4296,"Steve Poltz"
4297,"Tommy Y Su Orquesta Olivencia"
4298,"Orden Ogan"
4299,"Pissed Jeans"
4300,"Jumaane Smith"
4301,"Scald"
4302,"F***ed Up"
4303,"The Sweet"
4304,"Shaela Miller"
4305,"George Quintet Adams"
4306,"John Lurie"
4307,"The Cyrkle"
4308,"Kiioto"
4309,"Jimmy Cliff"
4310,"Janel"
4311,"Anthony"
4312,"Liana Flores"
4313,"Love Wonderland"
4314,"Tiamat"
4315,"Mike Lindsay"
4316,"Onyx"
4317,"Kate Clover"
4318,"Malphino"
4319,"Tashi Wada"
4320,"Clark Terry"
4321,"Lost Dog Street"
4322,"Caleb Landry Jones"
4323,"Iwrestledabearonce"
4324,"Garbage"
4325,"Suburban Lawns"
4326,"Hanoi Rocks"
4327,"Plantoid"
4328,"Armin Van Buuren"
4329,"Keith Richards"
4330,"Itsoktocry"
4331,"Arizona"
4332,"C-Clamp"
4333,"Dierks Bentley"
4334,"Eugene McDaniels"
4335,"Peach and Lee"
4336,"Glenn Danzig"
4337,"Dead Leaf Echo"
4338,"Svalbard"
4339,"Descartes A Kant"
4340,"K.Flay"
4341,"Demi Lovato"
4342,"Miami Sound Machine"
4343,"The Chi-Lites"
4344,"Billy Joe Shaver"
4345,"VHS Collection"
4346,"Exciter"
4347,"Mobile Suit Gundam the Witch From Mercury - O.S.T."
4348,"112"
4349,"Igorrr"
4350,"Militarie Gun"
4351,"Bush Tetras"
4352,"Cut Worms"
4353,"Converge"
4354,"Gordon Haskell"
4355,"Broadside"
4356,"Richard Swift"
4357,"Bastille"
4358,"Ghost Train Orchestra"
4359,"Yaz"
4360,"The Adolescents"
4361,"Jake Shimabukuro"
4362,"Ben Folds Five"
4363,"Little Simz"
4364,"Sixx:a.M."
4365,"Whispers"
4366,"Heart to Gold"
4367,"Caleb Klauder"
4368,"Omni"
4369,"Been Stellar"
4370,"Teskey Brothers"
4371,"Zapp"
4372,"Roger"
4373,"Bad Omens"
4374,"The Avalanches"
4375,"Cliffdiver"
4376,"Less than Jake"
4377,"Harry Gregson-Williams"
4378,"Jim Lauderdale"
4379,"Bobby Caldwell"
4380,"XXXTentacion"
4381,"Lorna Shore"
4382,"Lauren Daigle"
4383,"Mariss Jansons"
4384,"Brant Bjork"
4385,"Mouse Rat"
4386,"Earthgang"
4387,"Icon for Hire"
4388,"London Grammar"
4389,"Clap Your Hands Say Yeah"
4390,"Frozen - O.S.T."
4391,"The Darkness"
4392,"Us3"
4393,"4 Non Blondes"
4394,"moe."
4395,"Rodan"
4396,"Enforced"
4397,"Jeremy"
4398,"The Harlequins"
4399,"Paul Williams"
4400,"Scarface"
4401,"New Age Thief"
4402,"Distant"
4403,"Fred Thomas"
4404,"Samiam"
4405,"The Brad Sound"
4406,"Sibylle Baier"
4407,"Soul Asylum"
4408,"The Wallflowers"
4409,"Corto.Alto"
4410,"The Associates"
4411,"Steve Perry"
4412,"Bane"
4413,"Jeremie Albino"
4414,"Joe Henderson"
4415,"Thrown"
4416,"Monsters of Folk"
4417,"Gossip"
4418,"Kameron Marlowe"
4419,"Lucius"
4420,"Maya Hawke"
4421,"U.D.O."
4422,"Nerina Pallot"
4423,"Killing Joke"
4424,"Corridor"
4425,"Mia Doi Todd"
4426,"Will Hoge"
4427,"Wendy O. Williams"
4428,"Carlos Rafael Rivera"
4429,"Bridget Kearney"
4430,"Claudio Abbado"
4431,"Emilie Simon"
4432,"Charlie Christian"
4433,"Charles Lloyd"
4434,"Jazz Artist Guild"
4435,"Anja Huwe"
4436,"The Dead Weather"
4437,"Molly Lewis"
4438,"Ghost Atlas"
4439,"Rodrigo y Gabriela"
4440,"Scanner"
4441,"Steel Sessions"
4442,"Jack Great White Russell's"
4443,"José James"
4444,"Snail Mail"
4445,"Bobby Gillespie"
4446,"Merl Saunders"
4447,"The Sword"
4448,"DJ Shadow"
4449,"DJ Drama"
4450,"Onipa"
4451,"Liars"
4452,"Willie Henderson"
4453,"Blueboy"
4454,"Del Water Gap"
4455,"The Orb and David Gilmour"
4456,"Will Butler + Sister Squares"
4457,"Ne-Yo"
4458,"Baikida Carroll"
4459,"Blues Traveler"
4460,"Bebe Rexha"
4461,"Sparklehorse"
4462,"Frost Children"
4463,"Blut Aus Nord"
4464,"Tessa Violet"
4465,"James New Wave Gone Metal Rivera"
4466,"Bethany Cosentino"
4467,"Tormentor"
4468,"Infamous Stringdusters"
4469,"The Lost Generation"
4470,"Unloved"
4471,"Sun Ra and His Arkestra"
4472,"Cable Ties"
4473,"Texas"
4474,"James Williamson"
4475,"Tomahawk"
4476,"Pearl"
4477,"the Oysters"
4478,"Jessie Ware"
4479,"Nektar"
4480,"Flamin Groovies"
4481,"Burt Bacharach"
4482,"Bob Weir"
4483,"The Cribs"
4484,"Luna"
4485,"The Ronettes"
4486,"KMFDM"
4487,"Angele"
4488,"Randy Houser"
4489,"Cody Johnson"
4490,"Fania All Stars"
4491,"220 Volt"
4492,"The Happy Fits"
4493,"Atomic Rooster"
4494,"Joe Lynn Turner"
4495,"Paolo Nutini"
4496,"Anna Hausswolff Von"
4497,"Graham Nash"
4498,"Maren Morris"
4499,"Biohazard"
4500,"Mindy Gledhill"
4501,"Blood Red Throne"
4502,"Turnstyle"
4503,"the Attractions"
4504,"Chris Young"
4505,"A.J. Croce"
4506,"Paul Chambers"
4507,"Mariza"
4508,"Academy Is"
4509,"Jay Electronica"
4510,"Ataraxia"
4511,"Don Cherry"
4512,"Strike Anywhere"
4513,"Iration"
4514,"Bee Gees"
4515,"Drain"
4516,"Kid Dynamite"
4517,"Charles Bukowski"
4518,"Green River"
4519,"Boogarins"
4520,"David Cassidy"
4521,"Madball"
4522,"Titus Andronicus"
4523,"Ziggy Marley"
4524,"Cults"
4525,"Super Cat"
4526,"John Metcalfe"
4527,"Vagabon"
4528,"As Tall as Lions"
4529,"A Giant Dog"
4530,"Diamanda Galas"
4531,"Lush"
4532,"Pleasure"
4533,"Bo Diddley"
4534,"The Insect Trust"
4535,"Mari Kalkun"
4536,"Sangre Azul"
4537,"Tom Odell"
4538,"Scar Symmetry"
4539,"Molina, Talbot, Lofgren"
4540,"Celtic Frost"
4541,"Vic Ruggiero"
4542,"Therion"
4543,"Club Nouveau"
4544,"Michio Mamiya"
4545,"The White Buffalo"
4546,"Susanna Mälkki"
4547,"The Lights"
4548,"Etta Jones"
4549,"Jan"
4550,"Dean"
4551,"Railroad Earth"
4552,"Animals as Leaders"
4553,"Toro y Moi"
4554,"VOLA"
4555,"Rejjie Snow"
4556,"Juanes"
4557,"Poco"
4558,"The Foundations"
4559,"Coven"
4560,"Strapping Young Lad"
4561,"The Mighty Mighty Bosstones"
4562,"Nickel Creek"
4563,"Tygers of Pan Tang"
4564,"Fake Names"
4565,"Not My God"
4566,"Tina Brooks"
4567,"Punk Rock Halloween II - Louder Faster"
4568,"Scarier"
4569,"The Mothers"
4570,"Blaze"
4571,"Trentemoller"
4572,"Marijata"
4573,"The xx"
4574,"Rhiannon Giddens"
4575,"Valerie June"
4576,"Dur-Dur Band"
4577,"DeVotchka"
4578,"The Whole Darn Family"
4579,"The Dismemberment Plan"
4580,"Samuel Rohrer"
4581,"The Chefs"
4582,"Bobby Bradford"
4583,"Skegss"
4584,"Dizzy Reece"
4585,"Theo Lawrence"
4586,"Rory Gallagher"
4587,"Hillbilly Thomists"
4588,"Mark Fry"
4589,"Taylor Hollingsworth"
4590,"Snowy White"
4591,"Devon Allman"
4592,"Phantastic Ferniture"
4593,"John Paesano"
4594,"Deadletter"
4595,"Cold Stares"
4596,"Jason Stein"
4597,"Willie Watson"
4598,"Big Something"
4599,"Kenny Wheeler"
4600,"Oceano"
4601,"Malice K"
4602,"Ian Anderson"
4603,"Simone Simons"
4604,"The Muffs"
4605,"Lotus"
4606,"Quivers"
4607,"Lust"
4608,"Los Reyes 73"
4609,"Sara K."
4610,"Dream Evil"
4611,"Smokey Robinson"
4612,"Kasabian"
4613,"XL Middleton"